NO,freq,y_true,SMILES,gcn_best_seed(0)_128_128_0.1,gcn_best_seed(100)_128_128_0.1,gcn_best_seed(2025)_128_128_0.1,gcn_best_seed(42)_128_128_0.1
1777,3,2.97,*c1ccc(Oc2c(C)cc(Cc3cc(C)c(Oc4ccc(N5C(=O)c6ccc(C(c7ccc8c(c7)C(=O)N(*)C8=O)(C(F)(F)F)C(F)(F)F)cc6C5=O)cc4)c(C)c3)cc2C)cc1,2.9935994,2.9747596,2.9614937,2.9865289
1781,3,2.86,*n1c(=O)c2cc3c(=O)n(-c4ccc(Oc5c(C)cc(C(c6cc(C)c(Oc7ccc(*)cc7)c(C)c6)c6cccc7ccccc67)cc5C)cc4)c(=O)c3cc2c1=O,2.8764963,2.8437643,2.8534236,2.8605459
2165,5.05,5.36,*c1ccc(-c2cc(-c3ccc(-n4c(=O)c5cc6c(=O)n(*)c(=O)c6cc5c4=O)cc3)cc(S(C)(=O)=O)c2)cc1,5.4091206,5.355933,5.3245397,5.374543
1689,6,3.39,*c1ccc(Oc2ccc(Oc3ccc(N4C(=O)c5ccc(-c6ccc7c(c6)C(=O)N(*)C7=O)cc5C4=O)cc3)cc2C(C)(C)C)cc1,3.4281027,3.3762035,3.386413,3.409243
1905,5.89,3.88,*CCCN1CCN(CCCN2C(=O)c3ccc(C(=O)c4ccc5c(c4)C(=O)N(*)C5=O)cc3C2=O)CC1,3.8778548,3.9122787,3.8966115,3.8652415
218,4,3.23,*N1C(=O)c2ccc(-c3ccc4c(c3)C(=O)N(c3ccc(Oc5cc(Oc6ccc(*)cc6C(F)(F)F)cc6ccccc56)c(C(F)(F)F)c3)C4=O)cc2C1=O,3.2207067,3.240152,3.2056296,3.2294579
236,6,3.44,*N1C(=O)c2ccc(C(=O)c3ccc4c(c3)C(=O)N(c3ccc(Oc5cc(Oc6ccc(*)cc6)cc6ccccc56)cc3)C4=O)cc2C1=O,3.4314864,3.409422,3.4239688,3.413983
1686,6,2.82,*N1C(=O)c2ccc(C(c3ccc4c(c3)C(=O)N(c3ccc(Oc5ccc(Oc6ccc(*)cc6C(F)(F)F)c(C(C)(C)C)c5)c(C(F)(F)F)c3)C4=O)(C(F)(F)F)C(F)(F)F)cc2C1=O,2.8507316,2.8598998,2.8423655,2.8585422
1710,3,2.84,*c1ccc(Oc2ccc(C(=O)c3ccc(N4C(=O)c5ccc(C(c6ccc7c(c6)C(=O)N(*)C7=O)(C(F)(F)F)C(F)(F)F)cc5C4=O)cc3)cc2C)c(C(F)(F)F)c1,2.7919111,2.8259015,2.785265,2.8182862
1722,3,2.93,*c1ccc(Oc2ccc(C3(c4ccc(Oc5ccc(-n6c(=O)c7cc8c(=O)n(*)c(=O)c8cc7c6=O)cc5C(F)(F)F)cc4)c4ccccc4-c4ccccc43)cc2)c(C(F)(F)F)c1,2.930292,2.9583154,2.9203825,2.9376204
151,6,2.94,*c1ccc(Cc2ccc(N3C(=O)c4ccc(Oc5ccc(C(C)(C)c6ccc(Oc7ccc8c(c7)C(=O)N(*)C8=O)cc6)cc5)cc4C3=O)c(C)c2)cc1C,2.9592977,2.9468198,2.9441626,2.9529748
1764,7.6,2.78,*N1C(=O)c2ccc(S(=O)(=O)c3ccc4c(c3)C(=O)N(c3ccc(Oc5ccc(C6(c7ccc(Oc8ccc(*)cc8C(F)(F)F)cc7)c7ccccc7-c7ccccc76)cc5)c(C(F)(F)F)c3)C4=O)cc2C1=O,2.9101906,2.9568515,2.9364917,2.9534335
1670,4,3.46,*N1C(=O)c2ccc(-c3ccc4c(c3)C(=O)N(c3ccc(Oc5ccc(Oc6ccc(*)cc6C(F)(F)F)c(C(C)(C)C)c5)c(C(F)(F)F)c3)C4=O)cc2C1=O,3.4777498,3.4517827,3.460668,3.4604454
464,5.39,2.2,*n1c(=O)c2cc3c(=O)n(-c4ccc(N(c5ccc(-n6c(=O)c7cc8c(=O)n(*)c(=O)c8cc7c6=O)cc5)c5cccc(-c6ccc(-c7ccccc7)cc6)c5)cc4)c(=O)c3cc2c1=O,2.2030113,2.2138486,2.1413124,2.189845
1094,4.89,2.6,*N1C(=O)c2ccc(C(c3ccc4c(c3)C(=O)N(c3ccc(-c5ccc(/C(=C\c6ccccc6)c6ccc(-c7ccc(*)cc7)cc6)cc5)cc3)C4=O)(C(F)(F)F)C(F)(F)F)cc2C1=O,2.6261215,2.6184218,2.6153286,2.6106145
229,6,3.11,*n1c(=O)c2cc3c(=O)n(-c4ccc(Oc5cc(Oc6ccc(*)cc6C(F)(F)F)cc6ccccc56)c(C(F)(F)F)c4)c(=O)c3cc2c1=O,3.099253,3.086833,3.0846558,3.1130013
76,8.58,3.21,*c1ccc(Oc2ccc(N3C(=O)c4ccc(C(=O)c5ccc6c(c5)C(=O)N(*)C6=O)cc4C3=O)cc2)cc1,3.2461543,3.2279055,3.2405643,3.232132
109,8.92,3.18,*c1ccc(Oc2ccc(N3C(=O)c4ccc(C(=O)c5ccc6c(c5)C(=O)N(*)C6=O)cc4C3=O)cc2)cc1,3.24603,3.228783,3.2380555,3.230395
1965,5.85,2.71,*N1C(=O)c2ccc(Oc3ccc4c(c3)C(=O)N(CCCN3CCN(CCC*)CC3)C4=O)cc2C1=O,2.6969624,2.7096236,2.685513,2.6911273
2325,3,3.55,*c1ccc(C2(C)CC(C)(C)c3ccc(N4C(=O)c5ccc(Oc6ccc(C(C)(C)c7ccc(Oc8ccc9c(c8)C(=O)N(*)C9=O)cc7)cc6)cc5C4=O)cc32)cc1,3.6213386,3.6394608,3.5346522,3.556826
837,5.66,2.62,*N1C(=O)c2ccc(C(c3ccc4c(c3)C(=O)N(c3ccc(-c5cc(-c6ccc(-c7ccccc7)cc6)cc(-c6ccc(*)cc6)n5)cc3)C4=O)(C(F)(F)F)C(F)(F)F)cc2C1=O,2.6009824,2.63192,2.5951734,2.6316743
1658,3,3.4,*N1C(=O)c2ccc(S(=O)(=O)c3ccc4c(c3)C(=O)N(c3ccc(Oc5ccc(Oc6ccc(*)cc6C(F)(F)F)c(C(C)(C)C)c5)c(C(F)(F)F)c3)C4=O)cc2C1=O,3.389267,3.3848815,3.376503,3.3670635
1613,3,2.76,*N1C(=O)c2ccc(Oc3ccc(C45CC6C7CC8(c9ccc(Oc%10ccc%11c(c%10)C(=O)N(c%10ccc(Oc%12ccc(*)cc%12)cc%10)C%11=O)cc9)CC6C(C4)C(C8)C7C5)cc3)cc2C1=O,2.7754736,2.782351,2.7421014,2.7515953
1324,3,2.87,*N1C(=O)c2ccc(Oc3ccc(Oc4ccc(Oc5ccc6c(c5)C(=O)N(c5ccc(Oc7ccc([C@]89C[C@@H]%10C[C@@H](C[C@@](c%11ccc(Oc%12ccc(*)cc%12)cc%11)(C%10)C8)C9)cc7)cc5)C6=O)cc4)cc3)cc2C1=O,2.8555093,2.8672967,2.869912,2.8542886
1239,4.32,2.69,*n1c(=O)c2cc3c(=O)n(-c4ccc(-c5ccc(/C(=C\c6ccccc6)c6ccc(-c7ccc(*)cc7)cc6)cc5)cc4)c(=O)c3cc2c1=O,2.6982925,2.6508777,2.6744416,2.6839461
619,3.93,3.03,*N1C(=O)c2ccc(C(c3ccc4c(c3)C(=O)N(c3ccc(-c5ccc(-c6ccc(*)cc6)cc5)cc3)C4=O)(C(F)(F)F)C(F)(F)F)cc2C1=O,3.0617661,3.0578208,3.0380533,3.0473745
481,4,3.31,*n1c(=O)c2cc3c(=O)n(-c4ccc(Oc5cc(-c6ccccc6)c(Oc6ccc(*)cc6)cc5-c5ccccc5)cc4)c(=O)c3cc2c1=O,3.3322012,3.2912161,3.2980733,3.3253791
132,3,2.88,*N1C(=O)c2ccc(Oc3ccc4c(c3)C(=O)N(Oc3cc(C(C)(C)C)c(Oc5ccc(*)cc5)c(C(C)(C)C)c3)C4=O)cc2C1=O,2.8972707,2.9053097,2.8841982,2.858949
1617,9.21,3.49,*c1cccc(Oc2ccc(-n3c(=O)c4cc5c(=O)n(*)c(=O)c5cc4c3=O)cc2)c1,3.4748828,3.4646957,3.474552,3.4697895
2210,8.7,2.57,*N1C(=O)c2ccc(C(=O)c3ccc4c(c3)C(=O)N(c3c(C)cc(C(c5ccc(C(C)C)cc5)c5cc(C)c(*)c(C)c5)cc3C)C4=O)cc2C1=O,2.5702598,2.5612984,2.5877924,2.5741405
264,3,2.79,*N1C(=O)C2=CC=C(C(c3ccc4c(c3)C(=O)N(c3ccc(Oc5ccc(*)cc5)cc3)C4=O)(C(F)(F)F)C(F)(F)F)CC2C1=O,2.8185222,2.8105757,2.8156528,2.8041685
67,8.41,3.23,*c1ccc(Oc2ccc(N3C(=O)c4ccc(C(=O)c5ccc6c(c5)C(=O)N(*)C6=O)cc4C3=O)cc2)cc1,3.2462885,3.2275174,3.241819,3.2334845
2199,6,2.49,*N1C(=O)c2ccc(Oc3ccc4c(c3)C(=O)N(c3c(C)cc(C(c5ccc(C(C)C)cc5)c5cc(C)c(*)c(C)c5)cc3C)C4=O)cc2C1=O,2.5499616,2.4991722,2.496692,2.5026844
332,10,3.64,*c1ccc(OC(=O)c2ccc(N3C(=O)c4ccc(C(=O)Oc5ccc(OC(=O)c6ccc7c(c6)C(=O)N(*)C7=O)cc5)cc4C3=O)cc2)cc1,3.6057346,3.6372962,3.637599,3.62099
2320,6,2.65,*c1c(C)cc(C2(c3cc(C)c(N4C(=O)c5ccc(Oc6ccc7c(c6)C(=O)N(*)C7=O)cc5C4=O)c(C)c3)c3cc(O[Si](C)(C)C(C)(C)C)ccc3-c3ccc(O[Si](C)(C)C(C)(C)C)cc32)cc1C,2.6346774,2.6327822,2.5671175,2.606495
2161,3.99,5.45,*c1ccc(-c2cc(-c3ccc(-n4c(=O)c5cc6c(=O)n(*)c(=O)c6cc5c4=O)cc3)cc(S(C)(=O)=O)c2)cc1,5.5089426,5.4734654,5.4618025,5.48626
141,3,3.25,*c1ccc(Cc2ccc(N3C(=O)c4ccc(Oc5ccc(C(C)(C)c6ccc(Oc7ccc8c(c7)C(=O)N(*)C8=O)cc6)cc5)cc4C3=O)cc2)cc1,3.2609234,3.239208,3.2576888,3.2412298
1819,5.8,4.8,*n1c(=O)c2cc3c(=O)n(CCCN4CCN(CCC*)CC4)c(=O)c3cc2c1=O,4.781045,4.7763352,4.779793,4.767351
500,6,2.98,*n1c(=O)c2cc3c(=O)n(-c4ccc(Oc5cc(-c6ccccc6)c(Oc6ccc(*)cc6C(F)(F)F)cc5-c5ccccc5)c(C(F)(F)F)c4)c(=O)c3cc2c1=O,2.9879599,2.9639263,2.982325,2.9940002
1989,6,2.61,*N1C(=O)c2ccc(Oc3ccc4c(c3)C(=O)N(CCCN3CCN(CCC*)CC3)C4=O)cc2C1=O,2.6954944,2.708647,2.6853342,2.691016
1136,4.29,2.67,*N1C(=O)c2ccc(-c3ccc4c(c3)C(=O)N(c3ccc(-c5ccc(/C(=C\c6ccccc6)c6ccc(-c7ccc(*)cc7)cc6)cc5)cc3)C4=O)cc2C1=O,2.6723042,2.6721427,2.6672864,2.6724715
1172,3.51,2.78,*N1C(=O)c2ccc(C(=O)c3ccc4c(c3)C(=O)N(c3ccc(-c5ccc(/C(=C\c6ccccc6)c6ccc(-c7ccc(*)cc7)cc6)cc5)cc3)C4=O)cc2C1=O,2.7708948,2.7641268,2.7569113,2.7720058
1326,3,2.86,*N1C(=O)c2ccc(-c3ccc4c(c3)C(=O)N(c3ccc(Oc5ccc([C@]67C[C@@H]8C[C@@H](C[C@@](c9ccc(Oc%10ccc(*)cc%10)cc9)(C8)C6)C7)cc5)cc3)C4=O)cc2C1=O,2.9047577,2.8577409,2.8553498,2.87367
302,10,3.25,*N1C(=O)c2ccc(-c3ccc4c(c3)C(=O)N(c3ccc(-c5ccc(*)cc5C(F)(F)F)c(C(F)(F)F)c3)C4=O)cc2C1=O,3.2553287,3.241114,3.241057,3.2484426
2172,3.02,5.92,*c1ccc(-c2cc(CS(C)(=O)=O)cc(-c3ccc(-n4c(=O)c5cc6c(=O)n(*)c(=O)c6cc5c4=O)cc3)c2)cc1,5.977926,5.878479,5.907613,5.8703165
1401,5.5,3.43,*c1ccc(Oc2ccc(-n3c(=O)c4cc5c(=O)n(*)c(=O)c5cc4c3=O)cc2)cc1,3.409245,3.3843327,3.3912475,3.3912678
312,10,3.12,*n1c(=O)c2cc3c(=O)n(-c4ccc(Oc5ccc(C(C)(C)c6ccc(Oc7ccc(*)cc7)cc6)cc5)cc4)c(=O)c3cc2c1=O,3.141754,3.1262355,3.1084163,3.1384432
1316,7.6,3.61,*N1C(=O)c2ccc(S(=O)(=O)c3ccc4c(c3)C(=O)N(c3ccc(Oc5ccc(Oc6ccc(*)cc6)c6c5C5CCC6C5)cc3)C4=O)cc2C1=O,3.6115673,3.6396692,3.6374218,3.644452
1134,4.4,2.66,*N1C(=O)c2ccc(-c3ccc4c(c3)C(=O)N(c3ccc(-c5ccc(/C(=C\c6ccccc6)c6ccc(-c7ccc(*)cc7)cc6)cc5)cc3)C4=O)cc2C1=O,2.669879,2.669101,2.6653752,2.6696775
244,6,2.68,*c1ccc(Oc2c(C)cc(C(C)(C)c3cc(C)c(Oc4c(F)c(F)c(-c5c(F)c(F)c(Oc6c(C)cc(C(C)(C)c7cc(C)c(Oc8ccc(N9C(=O)c%10ccc(Oc%11ccc%12c(c%11)C(=O)N(*)C%12=O)cc%10C9=O)cc8)c(C)c7)cc6C)c(F)c5F)c(F)c4F)c(C)c3)cc2C)cc1,2.6900306,2.6544151,2.6606526,2.702284
2036,5.89,2.57,*N1C(=O)c2ccc(-c3ccc4c(c3)C(=O)N(CCCN3CCN(CCC*)CC3)C4=O)cc2C1=O,2.5720458,2.578117,2.5513065,2.5559037
1858,4.44,4.93,*n1c(=O)c2cc3c(=O)n(CCCN4CCN(CCC*)CC4)c(=O)c3cc2c1=O,4.863173,4.8456054,4.869915,4.8511324
245,6,2.89,*N1C(=O)c2ccc(C(c3cc(C(F)(F)F)cc(C(F)(F)F)c3)(c3ccc4c(c3)C(=O)N(Cc3ccc(Oc5ccc(*)cc5)cc3)C4=O)C(F)(F)F)cc2C1=O,2.9584916,2.9217832,2.9401932,2.9078858
898,5.47,2.44,*N1C(=O)c2ccc(C(c3ccc4c(c3)C(=O)N(c3ccc(-c5cc(-c6ccc(-c7ccc(-c8ccccc8)cc7)cc6)cc(-c6ccc(*)cc6)n5)cc3)C4=O)(C(F)(F)F)C(F)(F)F)cc2C1=O,2.480972,2.4804282,2.4727132,2.5062046
484,4,3.17,*N1C(=O)c2ccc(Oc3ccc4c(c3)C(=O)N(c3ccc(Oc5cc(-c6ccccc6)c(Oc6ccc(*)cc6)cc5-c5ccccc5)cc3)C4=O)cc2C1=O,3.1941257,3.1874597,3.2017145,3.1855938
2151,5,6,*N1C(=O)c2ccc(-c3ccc4c(c3)C(=O)N(c3ccc5c(c3)OCCOCCOc3cc(*)ccc3OCCOCCO5)C4=O)cc2C1=O,5.9629326,6.11421,6.151234,6.0778055
1684,6,3.23,*N1C(=O)c2ccc(S(=O)(=O)c3ccc4c(c3)C(=O)N(c3ccc(Oc5ccc(Oc6ccc(*)cc6C(F)(F)F)c(C(C)(C)C)c5)c(C(F)(F)F)c3)C4=O)cc2C1=O,3.2651558,3.2402985,3.255047,3.2588873
1822,5.82,4.8,*n1c(=O)c2cc3c(=O)n(CCCN4CCN(CCC*)CC4)c(=O)c3cc2c1=O,4.7798266,4.7753515,4.7784367,4.766119
694,5.09,2.18,*N1C(=O)c2ccc(C(c3ccc4c(c3)C(=O)N(c3cccc(-c5cc(-c6ccc(*)cc6)cc(C(c6ccccc6)(c6ccccc6)c6ccccc6)c5)c3)C4=O)(C(F)(F)F)C(F)(F)F)cc2C1=O,2.2060523,2.2245104,2.2332854,2.2185786
1807,5.68,4.83,*n1c(=O)c2cc3c(=O)n(CCCN4CCN(CCC*)CC4)c(=O)c3cc2c1=O,4.7883525,4.7822375,4.787929,4.774743
275,3,2.85,*N1C(=O)c2ccc(Oc3ccc4c(c3)C(=O)N(c3ccc(Oc5ccc(S(=O)(=O)c6ccc(Oc7ccc(*)cc7)c(-c7cc(C(F)(F)F)cc(C(F)(F)F)c7)c6)cc5-c5cc(C(F)(F)F)cc(C(F)(F)F)c5)cc3)C4=O)cc2C1=O,2.8569653,2.879266,2.8594794,2.8753242
483,4,3.42,*c1ccc(Oc2cc(-c3ccccc3)c(Oc3ccc(N4C(=O)c5ccc(C(=O)c6ccc7c(c6)C(=O)N(*)C7=O)cc5C4=O)cc3)cc2-c2ccccc2)cc1,3.437343,3.3952024,3.4025092,3.426074
511,6,2.98,*N1C(=O)c2ccc(C(=O)c3ccc4c(c3)C(=O)N(c3ccc(Oc5ccc(-c6ccc(-c7ccc(-c8ccc(Oc9ccc(*)cc9)c(C(F)(F)F)c8)cc7)cc6)cc5C(F)(F)F)cc3)C4=O)cc2C1=O,2.9806254,2.9774783,2.9970062,2.9985695
816,4.33,2.61,*N1C(=O)c2ccc(C(c3ccc4c(c3)C(=O)N(c3ccc(-c5cc(-c6ccc(-c7ccccc7)cc6)cc(-c6ccc(*)cc6)n5)cc3)C4=O)(C(F)(F)F)C(F)(F)F)cc2C1=O,2.5862331,2.6105888,2.5800035,2.6131828
1991,5.34,2.59,*N1C(=O)c2ccc(-c3ccc4c(c3)C(=O)N(CCCN3CCN(CCC*)CC3)C4=O)cc2C1=O,2.5737536,2.5836813,2.5579991,2.5573523
1295,6,3.12,*n1c(=O)c2cc3c(=O)n(-c4ccc(Oc5ccc(Oc6ccc(*)cc6)c6c5C5CCC6C5)cc4)c(=O)c3cc2c1=O,3.165775,3.1287096,3.1206615,3.1433358
420,3.26,2.74,*n1c(=O)c2cc3c(=O)n(-c4ccc(N(c5ccc(-c6ccc(-c7ccccc7)cc6)cc5)c5ccc(-n6c(=O)c7cc8c(=O)n(*)c(=O)c8cc7c6=O)cc5)cc4)c(=O)c3cc2c1=O,2.761936,2.7598782,2.7236938,2.7388453
1320,3,2.85,*c1ccc(Oc2ccc([C@@]34C[C@H]5C[C@@H](C3)C[C@@](c3ccc(Oc6ccc(-n7c(=O)c8cc9c(=O)n(*)c(=O)c9cc8c7=O)cc6)cc3)(C5)C4)cc2)cc1,2.8387027,2.8069386,2.8231292,2.8189955
550,4.07,3.38,*c1ccc(Oc2ccc(-n3c(=O)c4cc5c(=O)n(*)c(=O)c5cc4c3=O)cc2)cc1,3.4381475,3.407967,3.4110048,3.4202847
24,10,3.09,*c1cccc(Oc2cccc(N3C(=O)c4ccc(C(=O)c5ccc6c(c5)C(=O)N(*)C6=O)cc4C3=O)c2)c1,3.0816123,3.087489,3.0715199,3.068605
419,3.08,2.75,*n1c(=O)c2cc3c(=O)n(-c4ccc(N(c5ccc(-c6ccc(-c7ccccc7)cc6)cc5)c5ccc(-n6c(=O)c7cc8c(=O)n(*)c(=O)c8cc7c6=O)cc5)cc4)c(=O)c3cc2c1=O,2.7631345,2.7638855,2.7262037,2.7393215
1309,7.6,3.27,*N1C(=O)c2ccc(-c3ccc4c(c3)C(=O)N(c3ccc(Oc5ccc(Oc6ccc(*)cc6)cc5)cc3)C4=O)cc2C1=O,3.252295,3.2491672,3.2361019,3.2489486
289,6,2.66,*c1cc(N2C(=O)c3ccc(C(C)(C)c4ccc5c(c4)C(=O)N(*)C5=O)cc3C2=O)ccc1-c1cc(C(F)(F)F)cc(C(F)(F)F)c1,2.637964,2.6352549,2.6429505,2.6323352
426,4.27,2.73,*n1c(=O)c2cc3c(=O)n(-c4ccc(N(c5ccc(-c6ccc(-c7ccccc7)cc6)cc5)c5ccc(-n6c(=O)c7cc8c(=O)n(*)c(=O)c8cc7c6=O)cc5)cc4)c(=O)c3cc2c1=O,2.7546718,2.738988,2.7099028,2.7355928
1649,3,3.05,*N1C(=O)c2ccc(C(=O)c3ccc4c(c3)C(=O)N(c3ccc(-c5cc(C(C)(C)C)c(Oc6ccc(*)cc6)c(C(C)(C)C)c5)c(Cl)c3)C4=O)cc2C1=O,3.050156,3.0516768,3.0274367,3.025849
1196,4.79,2.72,*N1C(=O)c2ccc(C(=O)c3ccc4c(c3)C(=O)N(c3ccc(-c5ccc(/C(=C\c6ccccc6)c6ccc(-c7ccc(*)cc7)cc6)cc5)cc3)C4=O)cc2C1=O,2.7458072,2.738138,2.733227,2.739085
1284,4,2.97,*N1C(=O)c2ccc(-c3ccc4c(c3)C(=O)N(c3ccc(Oc5ccc(Oc6ccc(*)cc6)c6c5C5CCC6C5)cc3)C4=O)cc2C1=O,2.980241,2.975084,2.9763527,2.9618986
1660,3,2.98,*N1C(=O)c2ccc(C(c3ccc4c(c3)C(=O)N(c3ccc(Oc5ccc(Oc6ccc(*)cc6C(F)(F)F)c(C(C)(C)C)c5)c(C(F)(F)F)c3)C4=O)(C(F)(F)F)C(F)(F)F)cc2C1=O,2.9559598,2.992123,2.9534097,2.969883
248,6,2.71,*N1C(=O)c2ccc(C(c3cc(C(F)(F)F)cc(C(F)(F)F)c3)(c3ccc4c(c3)C(=O)N(c3ccc(Oc5ccc(Oc6ccc(*)cc6C(F)(F)F)cc5)c(C(F)(F)F)c3)C4=O)C(F)(F)F)cc2C1=O,2.7010875,2.6990435,2.7038038,2.715594
100,8.85,3.18,*c1ccc(Oc2ccc(N3C(=O)c4ccc(C(=O)c5ccc6c(c5)C(=O)N(*)C6=O)cc4C3=O)cc2)cc1,3.2460556,3.2285917,3.238572,3.2304688
91,8.77,3.19,*c1ccc(Oc2ccc(N3C(=O)c4ccc(C(=O)c5ccc6c(c5)C(=O)N(*)C6=O)cc4C3=O)cc2)cc1,3.246085,3.228386,3.2391622,3.2307777
2311,5.07,5.55,*c1ccc(-c2cc(CS(C)(=O)=O)cc(-c3ccc(-n4c(=O)c5cc6c(=O)n(*)c(=O)c6cc5c4=O)cc3)c2)cc1,5.683736,5.5558925,5.578657,5.5624943
1971,5.89,2.69,*N1C(=O)c2ccc(Oc3ccc4c(c3)C(=O)N(CCCN3CCN(CCC*)CC3)C4=O)cc2C1=O,2.696417,2.7093666,2.6854653,2.6910975
1589,4.22,2.27,*N1C(=O)c2ccc(C(c3ccc4c(c3)C(=O)N(c3cc(*)cc(C(F)(F)F)c3)C4=O)(C(F)(F)F)C(F)(F)F)cc2C1=O,2.2786222,2.24862,2.268031,2.2392378
297,10,2.38,*c1cc(N2C(=O)c3ccc(C(C)(C)c4ccc5c(c4)C(=O)N(*)C5=O)cc3C2=O)ccc1-c1cc(C(F)(F)F)cc(C(F)(F)F)c1,2.386836,2.4190998,2.3911533,2.380773
490,4,3.21,*N1C(=O)c2ccc(Oc3ccc4c(c3)C(=O)N(c3ccc(Oc5cc(-c6ccccc6)c(Oc6ccc(*)cc6C(F)(F)F)cc5-c5ccccc5)c(C(F)(F)F)c3)C4=O)cc2C1=O,3.2232513,3.1982472,3.2104099,3.2225208
22,10,2.84,*c1cccc(Oc2cccc(-n3c(=O)c4cc5c(=O)n(*)c(=O)c5cc4c3=O)c2)c1,2.828796,2.821577,2.8377275,2.8351953
1080,4.14,2.63,*N1C(=O)c2ccc(C(c3ccc4c(c3)C(=O)N(c3ccc(-c5ccc(/C(=C\c6ccccc6)c6ccc(-c7ccc(*)cc7)cc6)cc5)cc3)C4=O)(C(F)(F)F)C(F)(F)F)cc2C1=O,2.6353686,2.6360266,2.6342056,2.6354735
149,4.03,2.99,*c1ccc(Cc2ccc(N3C(=O)c4ccc(Oc5ccc(C(C)(C)c6ccc(Oc7ccc8c(c7)C(=O)N(*)C8=O)cc6)cc5)cc4C3=O)c(C)c2)cc1C,2.9893093,2.9702194,2.971085,2.985169
693,4.96,2.2,*N1C(=O)c2ccc(C(c3ccc4c(c3)C(=O)N(c3cccc(-c5cc(-c6ccc(*)cc6)cc(C(c6ccccc6)(c6ccccc6)c6ccccc6)c5)c3)C4=O)(C(F)(F)F)C(F)(F)F)cc2C1=O,2.2176366,2.2345614,2.2431417,2.231199
1268,3,3.46,*n1c(=O)c2cc3c(=O)n(-c4ccc(Oc5ccc(Oc6ccc(*)cc6)cc5)cc4)c(=O)c3cc2c1=O,3.4458141,3.4240394,3.4189482,3.4389775
449,3.03,2.23,*n1c(=O)c2cc3c(=O)n(-c4ccc(N(c5ccc(-n6c(=O)c7cc8c(=O)n(*)c(=O)c8cc7c6=O)cc5)c5cccc(-c6ccc(-c7ccccc7)cc6)c5)cc4)c(=O)c3cc2c1=O,2.2042923,2.2255135,2.1736176,2.1833205
202,3,2.46,*c1c(C)c(C)c(N2C(=O)C3=CCC(C(c4ccc5c(c4)C(=O)N(*)C5=O)(C(F)(F)F)C(F)(F)F)C=C3C2=O)c(C)c1C,2.4868722,2.4713168,2.4549327,2.4618297
795,3.03,2.58,*N1C(=O)c2ccc(C(c3ccc4c(c3)C(=O)N(c3ccc(-c5cc(-c6ccc(-c7ccccc7)cc6)cc(-c6ccc(*)cc6)n5)cc3)C4=O)(C(F)(F)F)C(F)(F)F)cc2C1=O,2.5807395,2.611571,2.5784957,2.602331
1180,3.94,2.76,*N1C(=O)c2ccc(C(=O)c3ccc4c(c3)C(=O)N(c3ccc(-c5ccc(/C(=C\c6ccccc6)c6ccc(-c7ccc(*)cc7)cc6)cc5)cc3)C4=O)cc2C1=O,2.7616084,2.7561584,2.7486713,2.7609062
1772,7.6,2.9,*N1C(=O)c2ccc(C(c3ccc4c(c3)C(=O)N(c3ccc(Oc5ccc(C6(c7ccc(Oc8ccc(*)cc8)cc7)c7ccccc7-c7ccccc76)cc5)cc3)C4=O)(C(F)(F)F)C(F)(F)F)cc2C1=O,2.8947093,2.923048,2.8901062,2.914486
142,4,3.22,*c1ccc(Cc2ccc(N3C(=O)c4ccc(Oc5ccc(C(C)(C)c6ccc(Oc7ccc8c(c7)C(=O)N(*)C8=O)cc6)cc5)cc4C3=O)cc2)cc1,3.223765,3.2044406,3.2111492,3.2028837
2219,6,2.62,*N1C(=O)c2ccc(Oc3ccc(C(C)(C)c4ccc(Oc5ccc6c(c5)C(=O)N(c5ccc(Oc7ccc(C(C)(C)c8ccc(Oc9ccc(-n%10c(=O)c%11cc%12c(=O)n(-c%13ccc(Oc%14ccc(C(CCC)(CCC)c%15ccc(Oc%16ccc(*)cc%16)cc%15)cc%14)cc%13)c(=O)c%12cc%11c%10=O)cc9)cc8)cc7)cc5)C6=O)cc4)cc3)cc2C1=O,2.6176255,2.5985703,2.5592747,2.6024451
1724,3,2.88,*N1C(=O)c2ccc(-c3ccc4c(c3)C(=O)N(c3ccc(Oc5ccc(C6(c7ccc(Oc8ccc(*)cc8C(F)(F)F)cc7)c7ccccc7-c7ccccc76)cc5)c(C(F)(F)F)c3)C4=O)cc2C1=O,2.885603,2.8938215,2.864855,2.9142826
1678,4,3.43,*c1ccc(Oc2ccc(Oc3ccc(N4C(=O)c5ccc(Oc6ccc7c(c6)C(=O)N(*)C7=O)cc5C4=O)cc3)cc2C(C)(C)C)cc1,3.4537528,3.423016,3.4264352,3.4179163
176,3.08,2.74,*N1C(=O)c2ccc(C(c3ccc4c(c3)C(=O)N(c3ccc(Cc5ccc(*)c(C)c5)cc3C)C4=O)(C(F)(F)F)C(F)(F)F)cc2C1=O,2.7608452,2.7481194,2.744697,2.7492497
177,4.01,2.73,*N1C(=O)c2ccc(C(c3ccc4c(c3)C(=O)N(c3ccc(Cc5ccc(*)c(C)c5)cc3C)C4=O)(C(F)(F)F)C(F)(F)F)cc2C1=O,2.7451649,2.737921,2.7319722,2.7289526
195,3,2.63,*N1C(=O)c2ccc(-c3ccc4c(c3)C(=O)N(c3ccc(Oc5ccc([C@]67C[C@H]8CC9C6CC6C[C@H]7C(C8)[C@@]9(c7ccc(Oc8ccc(*)cc8)cc7)C6)cc5)cc3)C4=O)cc2C1=O,2.6218145,2.6248808,2.581949,2.5908558
432,5.29,2.72,*n1c(=O)c2cc3c(=O)n(-c4ccc(N(c5ccc(-c6ccc(-c7ccccc7)cc6)cc5)c5ccc(-n6c(=O)c7cc8c(=O)n(*)c(=O)c8cc7c6=O)cc5)cc4)c(=O)c3cc2c1=O,2.7459667,2.731585,2.6995041,2.734567
685,3.06,2.5,*N1C(=O)c2ccc(C(c3ccc4c(c3)C(=O)N(c3cccc(-c5cc(-c6ccc(*)cc6)cc(C(c6ccccc6)(c6ccccc6)c6ccccc6)c5)c3)C4=O)(C(F)(F)F)C(F)(F)F)cc2C1=O,2.3895967,2.3926091,2.388575,2.4196541
766,5.26,2.81,*N1C(=O)c2ccc(C(c3ccc4c(c3)C(=O)N(c3ccc(-c5cc(-c6ccccc6)cc(-c6ccc(*)cc6)n5)cc3)C4=O)(C(F)(F)F)C(F)(F)F)cc2C1=O,2.7358618,2.7791438,2.7200994,2.7614448
1766,7.6,2.62,*N1C(=O)c2ccc(C(c3ccc4c(c3)C(=O)N(c3ccc(Oc5ccc(C6(c7ccc(Oc8ccc(*)cc8C(F)(F)F)cc7)c7ccccc7-c7ccccc76)cc5)c(C(F)(F)F)c3)C4=O)(C(F)(F)F)C(F)(F)F)cc2C1=O,2.6331253,2.6462445,2.6329317,2.661817
1468,5.34,2.65,*N1C(=O)c2ccc(C(c3ccc4c(c3)C(=O)N(c3ccc(*)cc3)C4=O)(C(F)(F)F)C(F)(F)F)cc2C1=O,2.65818,2.6673656,2.6536386,2.6415575
403,5.66,3.43,*n1c(=O)c2cc3c(=O)n(-c4ccc(N(c5ccccc5)c5ccc(-n6c(=O)c7cc8c(=O)n(*)c(=O)c8cc7c6=O)cc5)cc4)c(=O)c3cc2c1=O,3.4579558,3.4469104,3.4249756,3.451837
1932,5.47,2.87,*N1C(=O)c2ccc(Oc3ccc4c(c3)C(=O)N(CCCN3CCN(CCC*)CC3)C4=O)cc2C1=O,2.7021646,2.7124379,2.6868942,2.6914997
1178,3.83,2.77,*N1C(=O)c2ccc(C(=O)c3ccc4c(c3)C(=O)N(c3ccc(-c5ccc(/C(=C\c6ccccc6)c6ccc(-c7ccc(*)cc7)cc6)cc5)cc3)C4=O)cc2C1=O,2.763984,2.7582202,2.7507718,2.7635944
625,4.27,3.03,*N1C(=O)c2ccc(C(c3ccc4c(c3)C(=O)N(c3ccc(-c5ccc(-c6ccc(*)cc6)cc5)cc3)C4=O)(C(F)(F)F)C(F)(F)F)cc2C1=O,3.064306,3.0590901,3.0381954,3.0460482
61,8.25,3.25,*c1ccc(Oc2ccc(N3C(=O)c4ccc(C(=O)c5ccc6c(c5)C(=O)N(*)C6=O)cc4C3=O)cc2)cc1,3.2468355,3.22713,3.2429996,3.2347574
1744,4,3.19,*N1C(=O)c2ccc(S(=O)(=O)c3ccc4c(c3)C(=O)N(c3ccc(Oc5ccc(C6(c7ccc(Oc8ccc(*)cc8C(F)(F)F)cc7)c7ccccc7-c7ccccc76)cc5)c(C(F)(F)F)c3)C4=O)cc2C1=O,3.0058243,3.020939,2.999293,3.016422
698,6.01,2.11,*N1C(=O)c2ccc(C(c3ccc4c(c3)C(=O)N(c3cccc(-c5cc(-c6ccc(*)cc6)cc(C(c6ccccc6)(c6ccccc6)c6ccccc6)c5)c3)C4=O)(C(F)(F)F)C(F)(F)F)cc2C1=O,2.1412346,2.1555586,2.168874,2.1353369
2200,7,2.53,*n1c(=O)c2cc3c(=O)n(-c4c(C)cc(C(c5ccc(C(C)C)cc5)c5cc(C)c(*)c(C)c5)cc4C)c(=O)c3cc2c1=O,2.540897,2.5292733,2.5257177,2.5223749
158,6.01,3.3,*c1ccc(Cc2ccc(N3C(=O)c4ccc(C(=O)c5ccc6c(c5)C(=O)N(*)C6=O)cc4C3=O)cc2)cc1,3.3056376,3.2772644,3.3140368,3.2883492
326,10,2.5,*N1C(=O)c2ccc(C(c3ccc4c(c3)C(=O)N(c3ccc(Oc5ccc(C(c6ccc(Oc7ccc(*)cc7)cc6)(C(F)(F)F)C(F)(F)F)cc5)cc3)C4=O)(C(F)(F)F)C(F)(F)F)cc2C1=O,2.524982,2.5458212,2.5069652,2.545251
172,6.01,2.78,*N1C(=O)c2ccc(C(c3ccc4c(c3)C(=O)N(c3ccc(Cc5ccc(*)cc5)cc3)C4=O)(C(F)(F)F)C(F)(F)F)cc2C1=O,2.7905676,2.8055067,2.7799573,2.7748797
2223,6,2.92,*c1ccc(-c2ccc(N3C(=O)c4ccc(C(c5ccc6c(c5)C(=O)C(c5ccc(-c7ccc(-n8c(=O)c9cc%10c(=O)n(*)c(=O)c%10cc9c8=O)cc7C(F)(F)F)c(C(F)(F)F)c5)C6=O)(C(F)(F)F)C(F)(F)F)cc4C3=O)cc2C(F)(F)F)c(C(F)(F)F)c1,2.912995,2.943101,2.9166968,2.9478083
834,5.47,2.61,*N1C(=O)c2ccc(C(c3ccc4c(c3)C(=O)N(c3ccc(-c5cc(-c6ccc(-c7ccccc7)cc6)cc(-c6ccc(*)cc6)n5)cc3)C4=O)(C(F)(F)F)C(F)(F)F)cc2C1=O,2.5989184,2.6287367,2.593535,2.628768
643,5.28,3.02,*N1C(=O)c2ccc(C(c3ccc4c(c3)C(=O)N(c3ccc(-c5ccc(-c6ccc(*)cc6)cc5)cc3)C4=O)(C(F)(F)F)C(F)(F)F)cc2C1=O,3.0626917,3.0617983,3.0334496,3.0387092
1878,5.64,3.91,*CCCN1CCN(CCCN2C(=O)c3ccc(C(=O)c4ccc5c(c4)C(=O)N(*)C5=O)cc3C2=O)CC1,3.886551,3.9232903,3.9103696,3.8726594
2006,5.6,2.59,*N1C(=O)c2ccc(-c3ccc4c(c3)C(=O)N(CCCN3CCN(CCC*)CC3)C4=O)cc2C1=O,2.5729256,2.5793054,2.5546703,2.5568793
775,5.82,2.83,*N1C(=O)c2ccc(C(c3ccc4c(c3)C(=O)N(c3ccc(-c5cc(-c6ccccc6)cc(-c6ccc(*)cc6)n5)cc3)C4=O)(C(F)(F)F)C(F)(F)F)cc2C1=O,2.7450027,2.7831483,2.7210016,2.7687347
1728,3,3.29,*c1ccc(Oc2ccc(C3(c4ccc(Oc5ccc(-n6c(=O)c7cc8c(=O)n(*)c(=O)c8cc7c6=O)cc5)cc4)c4ccccc4-c4ccccc43)cc2)cc1,3.2852776,3.2883291,3.2601812,3.280451
1725,3,2.95,*N1C(=O)c2ccc(S(=O)(=O)c3ccc4c(c3)C(=O)N(c3ccc(Oc5ccc(C6(c7ccc(Oc8ccc(*)cc8C(F)(F)F)cc7)c7ccccc7-c7ccccc76)cc5)c(C(F)(F)F)c3)C4=O)cc2C1=O,3.0203884,3.0312314,3.0132253,3.0275235
206,3,2.07,*N1C(=O)c2ccc(C(c3ccc4c(c3)C(=O)N(c3ccc(Oc5ccc(C(c6ccc(Oc7ccc(*)cc7)cc6)(C(F)(F)F)C(F)(F)F)cc5)cc3)C4=O)(c3c(F)c(F)c(F)c(F)c3F)C(F)(F)F)cc2C1=O,2.0547183,2.0445065,2.0572271,2.0791202
1702,7.6,3.4,*c1ccc(Oc2ccc(Oc3ccc(N4C(=O)c5ccc(-c6ccc7c(c6)C(=O)N(*)C7=O)cc5C4=O)cc3)cc2C(C)(C)C)cc1,3.4244719,3.372895,3.3532038,3.3801875
1604,5.57,2.25,*N1C(=O)c2ccc(C(c3ccc4c(c3)C(=O)N(c3cc(*)cc(C(F)(F)F)c3)C4=O)(C(F)(F)F)C(F)(F)F)cc2C1=O,2.270295,2.2192922,2.2364452,2.222654
463,5.21,2.2,*n1c(=O)c2cc3c(=O)n(-c4ccc(N(c5ccc(-n6c(=O)c7cc8c(=O)n(*)c(=O)c8cc7c6=O)cc5)c5cccc(-c6ccc(-c7ccccc7)cc6)c5)cc4)c(=O)c3cc2c1=O,2.2017221,2.2128015,2.1421099,2.1881614
1675,4,3.34,*c1ccc(Oc2ccc(Oc3ccc(N4C(=O)c5ccc(C(=O)c6ccc7c(c6)C(=O)N(*)C7=O)cc5C4=O)cc3)cc2C(C)(C)C)cc1,3.3280654,3.3014247,3.3406317,3.3143334
1798,5.57,4.84,*n1c(=O)c2cc3c(=O)n(CCCN4CCN(CCC*)CC4)c(=O)c3cc2c1=O,4.7950516,4.787716,4.7953873,4.78152
1314,7.6,2.85,*N1C(=O)c2ccc(Oc3ccc4c(c3)C(=O)N(c3ccc(Oc5ccc(Oc6ccc(*)cc6)c6c5C5CCC6C5)cc3)C4=O)cc2C1=O,2.86117,2.8565178,2.8673677,2.83363
1471,5.61,2.65,*N1C(=O)c2ccc(C(c3ccc4c(c3)C(=O)N(c3ccc(*)cc3)C4=O)(C(F)(F)F)C(F)(F)F)cc2C1=O,2.6611657,2.66905,2.6568666,2.6414917
148,3,3,*c1ccc(Cc2ccc(N3C(=O)c4ccc(Oc5ccc(C(C)(C)c6ccc(Oc7ccc8c(c7)C(=O)N(*)C8=O)cc6)cc5)cc4C3=O)c(C)c2)cc1C,2.9994986,2.986178,2.9879735,3.0037613
118,8.98,3.18,*c1ccc(Oc2ccc(N3C(=O)c4ccc(C(=O)c5ccc6c(c5)C(=O)N(*)C6=O)cc4C3=O)cc2)cc1,3.2460082,3.2290642,3.2376125,3.2303128
1968,5.87,2.7,*N1C(=O)c2ccc(Oc3ccc4c(c3)C(=O)N(CCCN3CCN(CCC*)CC3)C4=O)cc2C1=O,2.6966896,2.7094982,2.6854892,2.6911123
306,10.6,3.25,*N1C(=O)c2ccc(-c3ccc4c(c3)C(=O)N(c3ccc(-c5ccc(*)cc5C(F)(F)F)c(C(F)(F)F)c3)C4=O)cc2C1=O,3.2527156,3.2340343,3.226285,3.2452555
710,6,3.03,*N1C(=O)c2ccc(-c3ccc4c(c3)C(=O)N(c3ccc(C(c5ccc(C(C)(C)C)cc5)c5ccc(*)c(C(C)(C)C)c5)cc3C(C)(C)C)C4=O)cc2C1=O,3.038909,3.0263596,3.0045607,3.024805
320,10,2.81,*N1C(=O)c2ccc(Oc3ccc4c(c3)C(=O)N(c3ccc(Oc5ccc(C(c6ccc(Oc7ccc(*)cc7)cc6)(C(F)(F)F)C(F)(F)F)cc5)cc3)C4=O)cc2C1=O,2.8200917,2.8190954,2.8066864,2.8272545
2268,4.52,3.56,*n1c(=O)c2cc3c(=O)n(-c4ccc(-c5cccc(-c6ccc(*)cc6)c5)cc4)c(=O)c3cc2c1=O,3.5744524,3.5396197,3.5420337,3.5554678
215,6,2.65,*N1C(=O)c2ccc(-c3ccc4c(c3)C(=O)N(C3=C=C=C(Oc5ccc(-c6ccc(Oc7ccc(*)cc7C(F)(F)F)c(C(F)(F)F)c6)cc5C(F)(F)F)C(C(F)(F)F)=C3)C4=O)cc2C1=O,2.6684616,2.6712956,2.669216,2.6398478
1513,3.44,2.57,*N1C(=O)c2ccc(C(c3ccc4c(c3)C(=O)N(c3cccc(*)c3)C4=O)(C(F)(F)F)C(F)(F)F)cc2C1=O,2.5857782,2.5879316,2.5734396,2.577442
2175,4.01,5.81,*c1ccc(-c2cc(CS(C)(=O)=O)cc(-c3ccc(-n4c(=O)c5cc6c(=O)n(*)c(=O)c6cc5c4=O)cc3)c2)cc1,5.8377414,5.730834,5.76062,5.7247806
388,4.54,3.44,*n1c(=O)c2cc3c(=O)n(-c4ccc(N(c5ccccc5)c5ccc(-n6c(=O)c7cc8c(=O)n(*)c(=O)c8cc7c6=O)cc5)cc4)c(=O)c3cc2c1=O,3.5006945,3.4754372,3.4628026,3.4787905
895,5.28,2.44,*N1C(=O)c2ccc(C(c3ccc4c(c3)C(=O)N(c3ccc(-c5cc(-c6ccc(-c7ccc(-c8ccccc8)cc7)cc6)cc(-c6ccc(*)cc6)n5)cc3)C4=O)(C(F)(F)F)C(F)(F)F)cc2C1=O,2.477617,2.4776015,2.4708493,2.5036309
52,7.75,3.3,*c1ccc(Oc2ccc(N3C(=O)c4ccc(C(=O)c5ccc6c(c5)C(=O)N(*)C6=O)cc4C3=O)cc2)cc1,3.2507896,3.2278228,3.2466996,3.2389524
137,3,3.05,*c1ccc(Oc2cc(C(C)(C)C)c(Oc3ccc(N4C(=O)c5ccc(-c6ccc7c(c6)C(=O)N(*)C7=O)cc5C4=O)cc3)cc2C(C)(C)C)cc1,3.0791314,3.0536778,3.0360436,3.0488763
1795,5.52,4.84,*n1c(=O)c2cc3c(=O)n(CCCN4CCN(CCC*)CC4)c(=O)c3cc2c1=O,4.7980967,4.7902637,4.798777,4.7846003
422,3.6,2.74,*n1c(=O)c2cc3c(=O)n(-c4ccc(N(c5ccc(-c6ccc(-c7ccccc7)cc6)cc5)c5ccc(-n6c(=O)c7cc8c(=O)n(*)c(=O)c8cc7c6=O)cc5)cc4)c(=O)c3cc2c1=O,2.7596722,2.7524273,2.7191522,2.7378151
1914,5.94,3.86,*CCCN1CCN(CCCN2C(=O)c3ccc(C(=O)c4ccc5c(c4)C(=O)N(*)C5=O)cc3C2=O)CC1,3.8760543,3.9100795,3.8938036,3.863758
1681,6,2.96,*n1c(=O)c2cc3c(=O)n(-c4ccc(Oc5ccc(Oc6ccc(*)cc6C(F)(F)F)c(C(C)(C)C)c5)c(C(F)(F)F)c4)c(=O)c3cc2c1=O,2.9700754,2.9675028,2.9560475,2.9470198
1292,4,2.68,*N1C(=O)c2ccc(C(CF)(c3ccc4c(c3)C(=O)N(c3ccc(Oc5ccc(Oc6ccc(*)cc6)c6c5C5CCC6C5)cc3)C4=O)C(F)(F)F)cc2C1=O,2.7137077,2.7072952,2.6668015,2.696475
1707,3,3.01,*c1ccc(Oc2ccc(C(=O)c3ccc(N4C(=O)c5ccc(-c6ccc7c(c6)C(=O)N(*)C7=O)cc5C4=O)cc3)cc2C)c(C(F)(F)F)c1,2.9656792,2.964814,2.97372,2.988018
1623,10.06,3.41,*c1cccc(Oc2ccc(-n3c(=O)c4cc5c(=O)n(*)c(=O)c5cc4c3=O)cc2)c1,3.4694395,3.4564004,3.4630382,3.4656577
1124,4.93,2.63,*N1C(=O)c2ccc(-c3ccc4c(c3)C(=O)N(c3ccc(-c5ccc(/C(=C\c6ccccc6)c6ccc(-c7ccc(*)cc7)cc6)cc5)cc3)C4=O)cc2C1=O,2.6581938,2.6536765,2.656166,2.6549513
316,10,3.16,*N1C(=O)c2ccc(Oc3ccc(C(C)(C)c4ccc(Oc5ccc6c(c5)C(=O)N(c5ccc(Oc7ccc(C(C)(C)c8ccc(Oc9ccc(*)cc9)cc8)cc7)cc5)C6=O)cc4)cc3)cc2C1=O,3.1495843,3.1399262,3.138765,3.1682374
341,10,3.4,*N1C(=O)c2ccc(S(=O)(=O)c3ccc4c(c3)C(=O)N(c3ccc(Oc5ccc(S(=O)(=O)c6ccc(Oc7ccc(*)cc7)cc6)cc5)cc3)C4=O)cc2C1=O,3.39981,3.4190357,3.4351277,3.4289103
311,10,3.45,*c1ccc(Oc2ccc(-n3c(=O)c4cc5c(=O)n(*)c(=O)c5cc4c3=O)cc2)cc1,3.4049861,3.3838704,3.389817,3.397527
1634,9.94,2.96,*N1C(=O)C2CC3C(=O)N(c4ccc(Oc5ccc(*)cc5)cc4)C(=O)C3CC2C1=O,2.9844048,2.962729,2.9469638,2.963575
1657,3,3.5,*N1C(=O)c2ccc(-c3ccc4c(c3)C(=O)N(c3ccc(Oc5ccc(Oc6ccc(*)cc6C(F)(F)F)c(C(C)(C)C)c5)c(C(F)(F)F)c3)C4=O)cc2C1=O,3.5179577,3.4931934,3.497613,3.4969285
2173,3.09,5.91,*c1ccc(-c2cc(CS(C)(=O)=O)cc(-c3ccc(-n4c(=O)c5cc6c(=O)n(*)c(=O)c6cc5c4=O)cc3)c2)cc1,5.9683504,5.8683543,5.8987947,5.860112
1756,6,3.09,*N1C(=O)c2ccc(-c3ccc4c(c3)C(=O)N(c3ccc(Oc5ccc(C6(c7ccc(Oc8ccc(*)cc8)cc7)c7ccccc7-c7ccccc76)cc5)cc3)C4=O)cc2C1=O,3.0920477,3.132694,3.091857,3.1092865
2327,4,4.6,*c1ccc(C2(C)CC(C)(C)c3ccc(N4C(=O)c5ccc6c7c(ccc(c57)C4=O)C(=O)N(*)C6=O)cc32)cc1,4.566517,4.715351,4.687562,4.651601
537,3.35,3.43,*c1ccc(Oc2ccc(-n3c(=O)c4cc5c(=O)n(*)c(=O)c5cc4c3=O)cc2)cc1,3.4548316,3.4237278,3.4308565,3.4430788
334,10,3.42,*c1ccc(Oc2ccc(N3C(=O)c4ccc(C(=O)c5ccc6c(c5)C(=O)N(*)C6=O)cc4C3=O)cc2)cc1,3.2460866,3.235679,3.2303948,3.232441
2326,3,4.03,*c1ccc(C2(C)CC(C)(C)c3ccc(-n4c(=O)c5cc6c(=O)n(*)c(=O)c6cc5c4=O)cc32)cc1,4.0058265,4.074033,4.0254865,4.0329075
2054,6,2.54,*N1C(=O)c2ccc(-c3ccc4c(c3)C(=O)N(CCCN3CCN(CCC*)CC3)C4=O)cc2C1=O,2.571793,2.577953,2.5500305,2.5556393
1299,6,3.24,*c1ccc(Oc2ccc(Oc3ccc(N4C(=O)c5ccc(C(=O)c6ccc7c(c6)C(=O)N(*)C7=O)cc5C4=O)cc3)c3c2C2CCC3C2)cc1,3.2518437,3.230466,3.2440739,3.2323108
810,3.95,2.61,*N1C(=O)c2ccc(C(c3ccc4c(c3)C(=O)N(c3ccc(-c5cc(-c6ccc(-c7ccccc7)cc6)cc(-c6ccc(*)cc6)n5)cc3)C4=O)(C(F)(F)F)C(F)(F)F)cc2C1=O,2.5832796,2.6080117,2.5757003,2.608874
499,6,2.96,*N1C(=O)c2ccc(C(c3ccc4c(c3)C(=O)N(c3ccc(Oc5cc(-c6ccccc6)c(Oc6ccc(*)cc6)cc5-c5ccccc5)cc3)C4=O)(C(F)(F)F)C(F)(F)F)cc2C1=O,2.9533806,2.9502137,2.9000814,2.9723196
1245,4.64,2.68,*n1c(=O)c2cc3c(=O)n(-c4ccc(-c5ccc(/C(=C\c6ccccc6)c6ccc(-c7ccc(*)cc7)cc6)cc5)cc4)c(=O)c3cc2c1=O,2.6897907,2.6419659,2.6687846,2.6802313
1688,6,3.28,*c1ccc(Oc2ccc(Oc3ccc(N4C(=O)c5ccc(C(=O)c6ccc7c(c6)C(=O)N(*)C7=O)cc5C4=O)cc3)cc2C(C)(C)C)cc1,3.2962646,3.2611527,3.2962265,3.2645364
489,4,3.16,*c1ccc(Oc2cc(-c3ccccc3)c(Oc3ccc(N4C(=O)c5ccc(C(=O)c6ccc7c(c6)C(=O)N(*)C7=O)cc5C4=O)cc3C(F)(F)F)cc2-c2ccccc2)c(C(F)(F)F)c1,3.1640854,3.1530302,3.1505625,3.1597302
301,10,2.68,*N1C(=O)c2ccc(C(c3ccc4c(c3)C(=O)N(c3ccc(-c5ccc(*)cc5C(F)(F)F)c(C(F)(F)F)c3)C4=O)(C(F)(F)F)C(F)(F)F)cc2C1=O,2.726181,2.7138588,2.6873813,2.688395
373,3.42,3.48,*n1c(=O)c2cc3c(=O)n(-c4ccc(N(c5ccccc5)c5ccc(-n6c(=O)c7cc8c(=O)n(*)c(=O)c8cc7c6=O)cc5)cc4)c(=O)c3cc2c1=O,3.5408747,3.5048144,3.4967341,3.5084934
1775,3,3.15,*c1ccc(Oc2c(C)cc(Cc3cc(C)c(Oc4ccc(N5C(=O)c6ccc(-c7ccc8c(c7)C(=O)N(*)C8=O)cc6C5=O)cc4)c(C)c3)cc2C)cc1,3.167678,3.1533446,3.1452942,3.1346433
2015,5.71,2.58,*N1C(=O)c2ccc(-c3ccc4c(c3)C(=O)N(CCCN3CCN(CCC*)CC3)C4=O)cc2C1=O,2.5725753,2.5783973,2.5533943,2.5565193
2000,5.52,2.59,*N1C(=O)c2ccc(-c3ccc4c(c3)C(=O)N(CCCN3CCN(CCC*)CC3)C4=O)cc2C1=O,2.5731804,2.5805814,2.5555983,2.557025
686,4.01,2.33,*N1C(=O)c2ccc(C(c3ccc4c(c3)C(=O)N(c3cccc(-c5cc(-c6ccc(*)cc6)cc(C(c6ccccc6)(c6ccccc6)c6ccccc6)c5)c3)C4=O)(C(F)(F)F)C(F)(F)F)cc2C1=O,2.3039057,2.3114252,2.315126,2.323429
1335,3,2.74,*N1C(=O)c2ccc(C(O)c3ccc4c(c3)C(=O)N(c3ccc(Oc5ccc([C@]67C[C@H]8[C@@H]9C[C@@]%10(c%11ccc(Oc%12ccc(*)cc%12)cc%11)C[C@H]8[C@H](C6)[C@@H](C%10)[C@@H]9C7)cc5)cc3)C4=O)cc2C1=O,2.9002151,2.7790794,2.7198527,2.8847382
604,3.08,3.03,*N1C(=O)c2ccc(C(c3ccc4c(c3)C(=O)N(c3ccc(-c5ccc(-c6ccc(*)cc6)cc5)cc3)C4=O)(C(F)(F)F)C(F)(F)F)cc2C1=O,3.0528712,3.0541348,3.035677,3.047962
865,3.38,2.44,*N1C(=O)c2ccc(C(c3ccc4c(c3)C(=O)N(c3ccc(-c5cc(-c6ccc(-c7ccc(-c8ccccc8)cc7)cc6)cc(-c6ccc(*)cc6)n5)cc3)C4=O)(C(F)(F)F)C(F)(F)F)cc2C1=O,2.4612849,2.4678671,2.458625,2.481477
1241,4.43,2.69,*n1c(=O)c2cc3c(=O)n(-c4ccc(-c5ccc(/C(=C\c6ccccc6)c6ccc(-c7ccc(*)cc7)cc6)cc5)cc4)c(=O)c3cc2c1=O,2.6953244,2.6477036,2.6723835,2.682346
1577,3.15,2.27,*N1C(=O)c2ccc(C(c3ccc4c(c3)C(=O)N(c3cc(*)cc(C(F)(F)F)c3)C4=O)(C(F)(F)F)C(F)(F)F)cc2C1=O,2.293661,2.295402,2.3021498,2.2709064
1607,5.84,2.25,*N1C(=O)c2ccc(C(c3ccc4c(c3)C(=O)N(c3cc(*)cc(C(F)(F)F)c3)C4=O)(C(F)(F)F)C(F)(F)F)cc2C1=O,2.2705636,2.218359,2.2344866,2.223251
1262,6,3.34,*c1ccc(Oc2ccc(Oc3ccc(N4C(=O)c5ccc(C(=O)OCC6(C)CCC(CCOC(=O)c7ccc8c(c7)C(=O)N(*)C8=O)C6(C)C)cc5C4=O)cc3)cc2)cc1,3.3658211,3.3635554,3.3501246,3.3643239
563,4.8,3.33,*c1ccc(Oc2ccc(-n3c(=O)c4cc5c(=O)n(*)c(=O)c5cc4c3=O)cc2)cc1,3.4238656,3.394405,3.398535,3.4019947
1321,3,2.91,*N1C(=O)c2ccc(Cc3ccc4c(c3)C(=O)N(c3ccc(Oc5ccc([C@]67C[C@@H]8C[C@@H](C[C@@](c9ccc(Oc%10ccc(*)cc%10)cc9)(C8)C6)C7)cc5)cc3)C4=O)cc2C1=O,2.9259293,2.9258695,2.8870983,2.9041955
1060,3.06,2.65,*N1C(=O)c2ccc(C(c3ccc4c(c3)C(=O)N(c3ccc(-c5ccc(/C(=C\c6ccccc6)c6ccc(-c7ccc(*)cc7)cc6)cc5)cc3)C4=O)(C(F)(F)F)C(F)(F)F)cc2C1=O,2.6575782,2.6550343,2.6585362,2.67577
1757,6,3.12,*N1C(=O)c2ccc(S(=O)(=O)c3ccc4c(c3)C(=O)N(c3ccc(Oc5ccc(C6(c7ccc(Oc8ccc(*)cc8C(F)(F)F)cc7)c7ccccc7-c7ccccc76)cc5)c(C(F)(F)F)c3)C4=O)cc2C1=O,2.9592547,2.9964726,2.9667358,2.9903193
1923,6,3.85,*CCCN1CCN(CCCN2C(=O)c3ccc(C(=O)c4ccc5c(c4)C(=O)N(*)C5=O)cc3C2=O)CC1,3.873894,3.9074407,3.8904343,3.8619776
144,6,3.11,*c1ccc(Cc2ccc(N3C(=O)c4ccc(Oc5ccc(C(C)(C)c6ccc(Oc7ccc8c(c7)C(=O)N(*)C8=O)cc6)cc5)cc4C3=O)cc2)cc1,3.1408994,3.1453598,3.118673,3.1247022
397,5.21,3.42,*n1c(=O)c2cc3c(=O)n(-c4ccc(N(c5ccccc5)c5ccc(-n6c(=O)c7cc8c(=O)n(*)c(=O)c8cc7c6=O)cc5)cc4)c(=O)c3cc2c1=O,3.4756062,3.4580374,3.4403121,3.4621544
2244,3.13,3.6,*n1c(=O)c2cc3c(=O)n(-c4ccc(-c5cccc(-c6ccc(*)cc6)c5)cc4)c(=O)c3cc2c1=O,3.6059365,3.6067855,3.5997868,3.6184206
2018,5.74,2.57,*N1C(=O)c2ccc(-c3ccc4c(c3)C(=O)N(CCCN3CCN(CCC*)CC3)C4=O)cc2C1=O,2.5724797,2.578344,2.5530465,2.5564165
430,4.96,2.73,*n1c(=O)c2cc3c(=O)n(-c4ccc(N(c5ccc(-c6ccc(-c7ccccc7)cc6)cc5)c5ccc(-n6c(=O)c7cc8c(=O)n(*)c(=O)c8cc7c6=O)cc5)cc4)c(=O)c3cc2c1=O,2.7482653,2.7331476,2.7014036,2.7344105
2217,6,2.32,*c1ccc(Oc2ccc(C(C)(C)c3ccc(OC4C=CC(N5C(=O)c6ccc(Oc7ccc(C(C)(C)c8ccc(Oc9ccc%10c(c9)C(=O)N(*)C%10=O)cc8)cc7)cc6C5=O)=CC4)cc3)cc2)cc1,2.2854218,2.2825093,2.306151,2.2901847
1704,7.6,3.35,*c1ccc(Oc2ccc(Oc3ccc(N4C(=O)c5ccc(Oc6ccc7c(c6)C(=O)N(*)C7=O)cc5C4=O)cc3)cc2C(C)(C)C)cc1,3.4028757,3.3570359,3.3454938,3.350813
242,3,2.87,*N1C(=O)c2ccc(Oc3ccc4c(c3)C(=O)N(c3c(F)c(*)c(C(F)(F)F)c(F)c3F)C4=O)cc2C1=O,2.918237,2.9119694,2.9276047,2.8906643
1474,5.87,2.64,*N1C(=O)c2ccc(C(c3ccc4c(c3)C(=O)N(c3ccc(*)cc3)C4=O)(C(F)(F)F)C(F)(F)F)cc2C1=O,2.6642144,2.6706717,2.6599786,2.6423476
310,10,3.17,*N1C(=O)c2ccc(-c3ccc4c(c3)C(=O)N(c3ccc(Oc5ccc(C(C)(C)c6ccc(Oc7ccc(*)cc7)cc6)cc5)cc3)C4=O)cc2C1=O,3.20843,3.1767807,3.1921892,3.1724558
1269,3,3.22,*n1c(=O)c2cc3c(=O)n(-c4ccc(Oc5ccc(Oc6ccc(*)cc6)c6c5C5CCC6C5)cc4)c(=O)c3cc2c1=O,3.2129376,3.2029052,3.199658,3.2029922
429,4.79,2.72,*n1c(=O)c2cc3c(=O)n(-c4ccc(N(c5ccc(-c6ccc(-c7ccccc7)cc6)cc5)c5ccc(-n6c(=O)c7cc8c(=O)n(*)c(=O)c8cc7c6=O)cc5)cc4)c(=O)c3cc2c1=O,2.749461,2.7338247,2.7035131,2.73433
2201,7,2.86,*N1C(=O)c2ccc(-c3ccc4c(c3)C(=O)N(c3c(C)cc(C(c5ccc(C(C)C)cc5)c5cc(C)c(*)c(C)c5)cc3C)C4=O)cc2C1=O,2.8085792,2.8066404,2.8010077,2.7945104
1789,5.41,4.85,*n1c(=O)c2cc3c(=O)n(CCCN4CCN(CCC*)CC4)c(=O)c3cc2c1=O,4.8047957,4.7958684,4.8062353,4.7913766
1086,4.46,2.61,*N1C(=O)c2ccc(C(c3ccc4c(c3)C(=O)N(c3ccc(-c5ccc(/C(=C\c6ccccc6)c6ccc(-c7ccc(*)cc7)cc6)cc5)cc3)C4=O)(C(F)(F)F)C(F)(F)F)cc2C1=O,2.631178,2.6290722,2.6259046,2.6255705
862,3.19,2.43,*N1C(=O)c2ccc(C(c3ccc4c(c3)C(=O)N(c3ccc(-c5cc(-c6ccc(-c7ccc(-c8ccccc8)cc7)cc6)cc(-c6ccc(*)cc6)n5)cc3)C4=O)(C(F)(F)F)C(F)(F)F)cc2C1=O,2.4614334,2.470619,2.460335,2.4803782
143,5.03,3.18,*c1ccc(Cc2ccc(N3C(=O)c4ccc(Oc5ccc(C(C)(C)c6ccc(Oc7ccc8c(c7)C(=O)N(*)C8=O)cc6)cc5)cc4C3=O)cc2)cc1,3.1782215,3.1721134,3.1633606,3.164193
1612,3,2.74,*N1C(=O)c2ccc(Oc3ccc(C45CC6C7CC8(c9ccc(Oc%10ccc%11c(c%10)C(=O)N(c%10ccc(Oc%12ccc(C%13%14CC%15C%16CC%17(c%18ccc(Oc%19cccc(*)c%19)cc%18)CC%15C(C%13)C(C%17)C%16C%14)cc%12)cc%10)C%11=O)cc9)CC6C(C4)C(C8)C7C5)cc3)cc2C1=O,2.7450612,2.7021487,2.7170749,2.7272832
241,3,2.68,*N1C(=O)c2ccc(C(c3ccc4c(c3)C(=O)N(c3c(F)c(*)c(C(F)(F)F)c(F)c3F)C4=O)(C(F)(F)F)C(F)(F)F)cc2C1=O,2.71408,2.7137573,2.6804166,2.6816537
211,3,2.39,*N1C(=O)c2ccc(C(c3ccc4c(c3)C(=O)N(c3ccc(C(c5ccc(*)cc5)(C(F)(F)F)C(F)(F)F)cc3)C4=O)(C(F)(F)F)C(F)(F)F)cc2C1=O,2.380055,2.404713,2.3577018,2.4091825
1683,6,3.35,*N1C(=O)c2ccc(-c3ccc4c(c3)C(=O)N(c3ccc(Oc5ccc(Oc6ccc(*)cc6C(F)(F)F)c(C(C)(C)C)c5)c(C(F)(F)F)c3)C4=O)cc2C1=O,3.3804953,3.366106,3.360941,3.3874702
171,5.03,2.81,*N1C(=O)c2ccc(C(c3ccc4c(c3)C(=O)N(c3ccc(Cc5ccc(*)cc5)cc3)C4=O)(C(F)(F)F)C(F)(F)F)cc2C1=O,2.8214302,2.8248897,2.8108625,2.828682
2211,8.7,2.37,*N1C(=O)c2ccc(Oc3ccc4c(c3)C(=O)N(c3c(C)cc(C(c5ccc(C(C)C)cc5)c5cc(C)c(*)c(C)c5)cc3C)C4=O)cc2C1=O,2.456164,2.414112,2.4536357,2.4036512
1118,3.14,2.72,*N1C(=O)c2ccc(-c3ccc4c(c3)C(=O)N(c3ccc(-c5ccc(/C(=C\c6ccccc6)c6ccc(-c7ccc(*)cc7)cc6)cc5)cc3)C4=O)cc2C1=O,2.6975806,2.7049909,2.6867168,2.7098327
1784,6,2.89,*N1C(=O)c2ccc(C(c3ccc4c(c3)C(=O)N(c3ccc5c(c3)C3(c6cc(*)ccc6-5)C5CC6CC(C5)CC3C6)C4=O)(C(F)(F)F)C(F)(F)F)cc2C1=O,2.913086,2.909797,2.8739247,2.9194763
232,6,2.84,*N1C(=O)c2ccc(Oc3ccc4c(c3)C(=O)N(c3ccc(Oc5cc(Oc6ccc(*)cc6C(F)(F)F)cc6ccccc56)c(C(F)(F)F)c3)C4=O)cc2C1=O,2.8581815,2.8613203,2.8943155,2.8790574
1974,5.91,2.68,*N1C(=O)c2ccc(Oc3ccc4c(c3)C(=O)N(CCCN3CCN(CCC*)CC3)C4=O)cc2C1=O,2.696249,2.7092352,2.6854415,2.6910827
1840,5.95,4.78,*n1c(=O)c2cc3c(=O)n(CCCN4CCN(CCC*)CC4)c(=O)c3cc2c1=O,4.7719097,4.768957,4.769623,4.7581105
877,4.14,2.44,*N1C(=O)c2ccc(C(c3ccc4c(c3)C(=O)N(c3ccc(-c5cc(-c6ccc(-c7ccc(-c8ccccc8)cc7)cc6)cc(-c6ccc(*)cc6)n5)cc3)C4=O)(C(F)(F)F)C(F)(F)F)cc2C1=O,2.4642763,2.4642596,2.4560966,2.4877172
5,9,2.5,*N1C(=O)c2ccc(C(c3ccc4c(c3)C(=O)N(c3ccc(Oc5ccc(C(c6ccc(Oc7ccc(*)cc7)cc6)(C(F)(F)F)C(F)(F)F)cc5)cc3)C4=O)(C(F)(F)F)C(F)(F)F)cc2C1=O,2.486457,2.5075443,2.4659965,2.5066195
1116,3.03,2.73,*N1C(=O)c2ccc(-c3ccc4c(c3)C(=O)N(c3ccc(-c5ccc(/C(=C\c6ccccc6)c6ccc(-c7ccc(*)cc7)cc6)cc5)cc3)C4=O)cc2C1=O,2.70071,2.707666,2.6885338,2.7134228
421,3.42,2.74,*n1c(=O)c2cc3c(=O)n(-c4ccc(N(c5ccc(-c6ccc(-c7ccccc7)cc6)cc5)c5ccc(-n6c(=O)c7cc8c(=O)n(*)c(=O)c8cc7c6=O)cc5)cc4)c(=O)c3cc2c1=O,2.7608707,2.7563105,2.7215567,2.7383604
1653,3,3.1,*N1C(=O)c2ccc3c4c(ccc(c24)C1=O)C(=O)N(c1ccc(-c2cc(C(C)(C)C)c(Oc4ccc(*)cc4)c(C(C)(C)C)c2)c(Cl)c1)C3=O,3.0772762,3.0778263,3.0600057,3.0808253
925,3.1,3.49,*c1ccc(Oc2ccc(-n3c(=O)c4cc5c(=O)n(*)c(=O)c5cc4c3=O)cc2)cc1,3.4607778,3.4298344,3.43823,3.4522536
1659,3,3.49,*N1C(=O)c2ccc(Oc3ccc4c(c3)C(=O)N(c3ccc(Oc5ccc(Oc6ccc(*)cc6C(F)(F)F)c(C(C)(C)C)c5)c(C(F)(F)F)c3)C4=O)cc2C1=O,3.5007794,3.4777608,3.470345,3.4929516
1664,3,3.92,*c1ccc(Oc2ccc(Oc3ccc(N4C(=O)c5ccc(S(=O)(=O)c6ccc7c(c6)C(=O)N(*)C7=O)cc5C4=O)cc3)cc2C(C)(C)C)cc1,3.9635751,3.9289398,3.9364038,3.9422293
249,6,2.95,*n1c(=O)c2cc3c(=O)n(-c4ccc(C(c5ccc(*)cc5)(c5cccc(C(F)(F)F)c5)C(F)(F)F)cc4)c(=O)c3cc2c1=O,2.9478824,2.953681,2.9401193,2.9450788
739,3.55,2.8,*N1C(=O)c2ccc(C(c3ccc4c(c3)C(=O)N(c3ccc(-c5cc(-c6ccccc6)cc(-c6ccc(*)cc6)n5)cc3)C4=O)(C(F)(F)F)C(F)(F)F)cc2C1=O,2.7253315,2.758155,2.7046623,2.7456584
425,4.1,2.73,*n1c(=O)c2cc3c(=O)n(-c4ccc(N(c5ccc(-c6ccc(-c7ccccc7)cc6)cc5)c5ccc(-n6c(=O)c7cc8c(=O)n(*)c(=O)c8cc7c6=O)cc5)cc4)c(=O)c3cc2c1=O,2.7562208,2.7421563,2.7119818,2.736194
1447,3.46,2.67,*N1C(=O)c2ccc(C(c3ccc4c(c3)C(=O)N(c3ccc(*)cc3)C4=O)(C(F)(F)F)C(F)(F)F)cc2C1=O,2.6667967,2.6879709,2.6473997,2.652901
1636,9.25,2.95,*N1C(=O)C2CC3C(=O)N(c4ccc(Oc5ccc(C(C)(C)c6ccc(Oc7ccc(*)cc7)cc6)cc5)cc4)C(=O)C3CC2C1=O,2.9419494,2.9246862,2.9220295,2.9247313
1310,7.6,2.96,*N1C(=O)c2ccc(-c3ccc4c(c3)C(=O)N(c3ccc(Oc5ccc(Oc6ccc(*)cc6)c6c5C5CCC6C5)cc3)C4=O)cc2C1=O,2.9611804,2.9597025,2.926704,2.9610875
1459,4.53,2.66,*N1C(=O)c2ccc(C(c3ccc4c(c3)C(=O)N(c3ccc(*)cc3)C4=O)(C(F)(F)F)C(F)(F)F)cc2C1=O,2.6554992,2.6712005,2.6468918,2.6443002
2318,6,2.72,*N1C(=O)c2ccc(Oc3ccc4c(c3)C(=O)N(c3ccc(C5(c6ccc(*)cc6)c6cc(O[Si](C)(C)C(C)(C)C)ccc6-c6ccc(O[Si](C)(C)C(C)(C)C)cc65)cc3)C4=O)cc2C1=O,2.7117884,2.6887114,2.6075,2.6910608
1620,9.82,3.44,*c1cccc(Oc2ccc(-n3c(=O)c4cc5c(=O)n(*)c(=O)c5cc4c3=O)cc2)c1,3.471943,3.4594033,3.4666228,3.4668431
2220,6,3.24,*c1ccc(-c2ccc(N3C(=O)c4ccc(-c5ccc6c(c5)C(=O)C(c5ccc(-c7ccc(-n8c(=O)c9cc%10c(=O)n(*)c(=O)c%10cc9c8=O)cc7C)c(C)c5)C6=O)cc4C3=O)cc2C)c(C)c1,3.234773,3.2642436,3.242867,3.2252703
391,4.76,3.43,*n1c(=O)c2cc3c(=O)n(-c4ccc(N(c5ccccc5)c5ccc(-n6c(=O)c7cc8c(=O)n(*)c(=O)c8cc7c6=O)cc5)cc4)c(=O)c3cc2c1=O,3.4927025,3.46981,3.4554644,3.4730325
1528,4.79,2.56,*N1C(=O)c2ccc(C(c3ccc4c(c3)C(=O)N(c3cccc(*)c3)C4=O)(C(F)(F)F)C(F)(F)F)cc2C1=O,2.579139,2.5882378,2.5580502,2.5644884
652,5.78,3.02,*N1C(=O)c2ccc(C(c3ccc4c(c3)C(=O)N(c3ccc(-c5ccc(-c6ccc(*)cc6)cc5)cc3)C4=O)(C(F)(F)F)C(F)(F)F)cc2C1=O,3.0566022,3.0577717,3.0257697,3.0348966
1642,9.24,2.86,*N1C(=O)C2CC3C(=O)N(c4ccc(Oc5ccc(C(c6ccc(Oc7ccc(*)cc7)cc6)(C(F)(F)F)C(F)(F)F)cc5)cc4)C(=O)C3CC2C1=O,2.8441586,2.857017,2.84199,2.8556728
1801,5.61,4.83,*n1c(=O)c2cc3c(=O)n(CCCN4CCN(CCC*)CC4)c(=O)c3cc2c1=O,4.792616,4.785681,4.792675,4.7790556
55,7.99,3.28,*c1ccc(Oc2ccc(N3C(=O)c4ccc(C(=O)c5ccc6c(c5)C(=O)N(*)C6=O)cc4C3=O)cc2)cc1,3.248792,3.227165,3.2449183,3.2368581
1633,9.84,2.98,*N1C(=O)C2CC3C(=O)N(c4ccc(Oc5ccc(*)cc5)cc4)C(=O)C3CC2C1=O,2.9849882,2.963251,2.946594,2.9647958
1828,5.87,4.79,*n1c(=O)c2cc3c(=O)n(CCCN4CCN(CCC*)CC4)c(=O)c3cc2c1=O,4.7767816,4.7728925,4.775047,4.7630386
713,6,2.78,*N1C(=O)c2ccc(C(c3ccc4c(c3)C(=O)N(c3ccc(C(c5ccc(C(C)(C)C)cc5)c5ccc(*)c(C(C)(C)C)c5)cc3C(C)(C)C)C4=O)(C(F)(F)F)C(F)(F)F)cc2C1=O,2.816339,2.7968483,2.7878947,2.793988
576,5.52,3.28,*c1ccc(Oc2ccc(-n3c(=O)c4cc5c(=O)n(*)c(=O)c5cc4c3=O)cc2)cc1,3.4088755,3.3841033,3.3910904,3.3910172
1186,4.26,2.75,*N1C(=O)c2ccc(C(=O)c3ccc4c(c3)C(=O)N(c3ccc(-c5ccc(/C(=C\c6ccccc6)c6ccc(-c7ccc(*)cc7)cc6)cc5)cc3)C4=O)cc2C1=O,2.7548144,2.7499068,2.7425704,2.7528353
1712,4,2.96,*c1ccc(Oc2ccc(C(=O)c3ccc(N4C(=O)c5ccc(-c6ccc7c(c6)C(=O)N(*)C7=O)cc5C4=O)cc3)cc2C)c(C(F)(F)F)c1,2.9553504,2.937567,2.942657,2.959294
634,4.77,3.03,*N1C(=O)c2ccc(C(c3ccc4c(c3)C(=O)N(c3ccc(-c5ccc(-c6ccc(*)cc6)cc5)cc3)C4=O)(C(F)(F)F)C(F)(F)F)cc2C1=O,3.0672283,3.0608668,3.037966,3.0422845
1128,4.72,2.65,*N1C(=O)c2ccc(-c3ccc4c(c3)C(=O)N(c3ccc(-c5ccc(/C(=C\c6ccccc6)c6ccc(-c7ccc(*)cc7)cc6)cc5)cc3)C4=O)cc2C1=O,2.6628237,2.6598372,2.659815,2.6611404
510,6,2.91,*n1c(=O)c2cc3c(=O)n(-c4ccc(Oc5ccc(-c6ccc(-c7ccc(-c8ccc(Oc9ccc(*)cc9)c(C(F)(F)F)c8)cc7)cc6)cc5C(F)(F)F)cc4)c(=O)c3cc2c1=O,2.9368224,2.911383,2.9223716,2.9245222
1717,6,2.86,*c1ccc(Oc2ccc(C(=O)c3ccc(N4C(=O)c5ccc(-c6ccc7c(c6)C(=O)N(*)C7=O)cc5C4=O)cc3)cc2C)c(C(F)(F)F)c1,2.9305825,2.8861897,2.8986464,2.9005969
1012,3.51,3.49,*c1ccc(Oc2ccc(-n3c(=O)c4cc5c(=O)n(*)c(=O)c5cc4c3=O)cc2)cc1,3.4510622,3.4199023,3.4261458,3.4374182
1285,4,3.36,*N1C(=O)c2ccc(C(=O)c3ccc4c(c3)C(=O)N(c3ccc(Oc5ccc(Oc6ccc(*)cc6)cc5)cc3)C4=O)cc2C1=O,3.3390396,3.3413932,3.3341732,3.3407865
199,3,3.08,*N1C(=O)c2ccc(C(C3C=C4C(=O)N(c5cccc(*)c5)C(=O)C4=CC3)(C(F)(F)F)C(F)(F)F)cc2C1=O,3.0650353,3.0852985,3.0757735,3.0679007
217,4,3.15,*n1c(=O)c2cc3c(=O)n(-c4ccc(Oc5cc(Oc6ccc(*)cc6C(F)(F)F)cc6ccccc56)c(C(F)(F)F)c4)c(=O)c3cc2c1=O,3.163301,3.1368897,3.1457312,3.1559675
283,3,3.05,*N1C(=O)c2ccc(-c3ccc4c(c3)C(=O)N(c3ccc(-c5cc(C(F)(F)F)cc(C(F)(F)F)c5)c(*)c3)C4=O)cc2C1=O,3.0315745,3.0585403,3.0322185,3.025359
671,5.13,2.41,*N1C(=O)c2ccc(C(c3ccc4c(c3)C(=O)N(c3ccc(-c5cc(-c6ccc(*)cc6)cc(C(c6ccccc6)(c6ccccc6)c6ccccc6)c5)cc3)C4=O)(C(F)(F)F)C(F)(F)F)cc2C1=O,2.3869133,2.4086144,2.4017897,2.404748
938,3.88,3.49,*c1ccc(Oc2ccc(-n3c(=O)c4cc5c(=O)n(*)c(=O)c5cc4c3=O)cc2)cc1,3.4425294,3.4118783,3.4156613,3.4258218
649,5.62,3.02,*N1C(=O)c2ccc(C(c3ccc4c(c3)C(=O)N(c3ccc(-c5ccc(-c6ccc(*)cc6)cc5)cc3)C4=O)(C(F)(F)F)C(F)(F)F)cc2C1=O,3.058837,3.059568,3.0287192,3.0362592
269,3.01,2.09,*N1C(=O)c2ccc(C(c3ccc4c(c3)C(=O)N(c3ccc(Oc5ccc(C(c6ccc(Oc7ccc(*)cc7)cc6)(C(F)(F)F)C(F)(F)F)cc5)cc3)C4=O)(C(F)(F)F)C(F)(F)F)cc2C1=O,2.149517,2.0926208,2.1704657,2.1267207
1768,7.6,3.15,*c1ccc(Oc2ccc(C3(c4ccc(Oc5ccc(N6C(=O)c7ccc(C(=O)c8ccc9c(c8)C(=O)N(*)C9=O)cc7C6=O)cc5)cc4)c4ccccc4-c4ccccc43)cc2)cc1,3.1347134,3.169165,3.151915,3.155187
1673,4,2.91,*N1C(=O)c2ccc(C(c3ccc4c(c3)C(=O)N(c3ccc(Oc5ccc(Oc6ccc(*)cc6C(F)(F)F)c(C(C)(C)C)c5)c(C(F)(F)F)c3)C4=O)(C(F)(F)F)C(F)(F)F)cc2C1=O,2.9088843,2.9399877,2.9094522,2.929847
330,10,3.44,*c1ccc(OC(=O)c2ccc(N3C(=O)c4ccc(-c5ccc6c(c5)C(=O)N(*)C6=O)cc4C3=O)cc2)cc1,3.4290564,3.4322708,3.4273343,3.4233036
504,6,3.16,*N1C(=O)c2ccc(S(=O)(=O)c3ccc4c(c3)C(=O)N(c3ccc(Oc5cc(-c6ccccc6)c(Oc6ccc(*)cc6C(F)(F)F)cc5-c5ccccc5)c(C(F)(F)F)c3)C4=O)cc2C1=O,3.1492383,3.161,3.1589499,3.1867378
250,6,2.71,*N1C(=O)c2ccc(C(c3ccc4c(c3)C(=O)N(c3ccc(C(c5ccc(*)cc5)(c5cccc(C(F)(F)F)c5)C(F)(F)F)cc3)C4=O)(C(F)(F)F)C(F)(F)F)cc2C1=O,2.7228267,2.7306843,2.7225156,2.7283454
227,4,3.08,*N1C(=O)c2ccc(C(c3ccc4c(c3)C(=O)N(c3ccc(Oc5cc(Oc6ccc(*)cc6)cc6ccccc56)cc3)C4=O)(C(F)(F)F)C(F)(F)F)cc2C1=O,3.0814958,3.0932791,3.0614462,3.082719
277,6,2.83,*N1C(=O)c2ccc(-c3ccc4c(c3)C(=O)N(c3ccc(Oc5ccc(S(=O)(=O)c6ccc(Oc7ccc(*)cc7)c(-c7cc(C(F)(F)F)cc(C(F)(F)F)c7)c6)cc5-c5cc(C(F)(F)F)cc(C(F)(F)F)c5)cc3)C4=O)cc2C1=O,2.8453681,2.8532877,2.8324966,2.8524594
2185,3.02,6.44,*c1ccc(-c2cc(CCS(C)(=O)=O)cc(-c3ccc(-n4c(=O)c5cc6c(=O)n(*)c(=O)c6cc5c4=O)cc3)c2)cc1,6.5222526,6.525546,6.4885807,6.4475007
1977,5.93,2.67,*N1C(=O)c2ccc(Oc3ccc4c(c3)C(=O)N(CCCN3CCN(CCC*)CC3)C4=O)cc2C1=O,2.6960814,2.7091036,2.6854177,2.691068
883,4.52,2.44,*N1C(=O)c2ccc(C(c3ccc4c(c3)C(=O)N(c3ccc(-c5cc(-c6ccc(-c7ccc(-c8ccccc8)cc7)cc6)cc(-c6ccc(*)cc6)n5)cc3)C4=O)(C(F)(F)F)C(F)(F)F)cc2C1=O,2.466341,2.4671233,2.461566,2.4929912
2202,7,2.71,*N1C(=O)c2ccc(C(=O)c3ccc4c(c3)C(=O)N(c3c(C)cc(C(c5ccc(C(C)C)cc5)c5cc(C)c(*)c(C)c5)cc3C)C4=O)cc2C1=O,2.6274984,2.6205716,2.6203089,2.6436782
1638,9.73,2.9,*N1C(=O)C2CC3C(=O)N(c4ccc(Oc5ccc(C(C)(C)c6ccc(Oc7ccc(*)cc7)cc6)cc5)cc4)C(=O)C3CC2C1=O,2.933916,2.9222078,2.9177701,2.9206047
128,3,2.55,*N1C(=O)c2ccc(Oc3ccc4c(c3)C(=O)N(c3ccc(Oc5ccc(C(c6ccc(Oc7ccc(*)cc7C(F)(F)F)cc6)(c6cc(C(F)(F)F)cc(C(F)(F)F)c6)C(F)(F)F)cc5)c(C(F)(F)F)c3)C4=O)cc2C1=O,2.5858898,2.58246,2.5559149,2.6074457
2312,5.86,5.25,*c1ccc(-c2cc(CS(C)(=O)=O)cc(-c3ccc(-n4c(=O)c5cc6c(=O)n(*)c(=O)c6cc5c4=O)cc3)c2)cc1,5.564045,5.4168653,5.4320307,5.4361153
1619,9.68,3.52,*c1cccc(Oc2ccc(-n3c(=O)c4cc5c(=O)n(*)c(=O)c5cc4c3=O)cc2)c1,3.4727561,3.4608307,3.4684467,3.4675493
1752,6,2.72,*N1C(=O)c2ccc(Oc3ccc4c(c3)C(=O)N(c3ccc(Oc5ccc(C6(c7ccc(Oc8ccc(*)cc8C(F)(F)F)cc7)c7ccccc7-c7ccccc76)cc5)c(C(F)(F)F)c3)C4=O)cc2C1=O,2.761196,2.7420797,2.7587636,2.7633815
1682,6,3.14,*N1C(=O)c2ccc(C(=O)c3ccc4c(c3)C(=O)N(c3ccc(Oc5ccc(Oc6ccc(*)cc6C(F)(F)F)c(C(C)(C)C)c5)c(C(F)(F)F)c3)C4=O)cc2C1=O,3.1501102,3.1436007,3.159686,3.1483767
1168,3.3,2.79,*N1C(=O)c2ccc(C(=O)c3ccc4c(c3)C(=O)N(c3ccc(-c5ccc(/C(=C\c6ccccc6)c6ccc(-c7ccc(*)cc7)cc6)cc5)cc3)C4=O)cc2C1=O,2.7752473,2.7685673,2.7611623,2.7782927
1336,3,2.69,*N1C(=O)c2ccc(Oc3ccc4c(c3)C(=O)N(c3ccc(Oc5ccc([C@]67C[C@H]8[C@@H]9C[C@@]%10(c%11ccc(Oc%12ccc(*)cc%12)cc%11)C[C@H]8[C@H](C6)[C@@H](C%10)[C@@H]9C7)cc5)cc3)C4=O)cc2C1=O,2.671572,2.6465547,2.6327748,2.6559038
433,5.48,2.72,*n1c(=O)c2cc3c(=O)n(-c4ccc(N(c5ccc(-c6ccc(-c7ccccc7)cc6)cc5)c5ccc(-n6c(=O)c7cc8c(=O)n(*)c(=O)c8cc7c6=O)cc5)cc4)c(=O)c3cc2c1=O,2.744276,2.7303016,2.6987622,2.7346568
631,4.6,3.03,*N1C(=O)c2ccc(C(c3ccc4c(c3)C(=O)N(c3ccc(-c5ccc(-c6ccc(*)cc6)cc5)cc3)C4=O)(C(F)(F)F)C(F)(F)F)cc2C1=O,3.0665822,3.060302,3.0381384,3.0436969
1618,9.51,3.44,*c1cccc(Oc2ccc(-n3c(=O)c4cc5c(=O)n(*)c(=O)c5cc4c3=O)cc2)c1,3.4736993,3.4622164,3.4706616,3.468421
2271,4.7,3.56,*n1c(=O)c2cc3c(=O)n(-c4ccc(-c5cccc(-c6ccc(*)cc6)c5)cc4)c(=O)c3cc2c1=O,3.5711408,3.5318,3.5357032,3.5477443
382,4.09,3.46,*n1c(=O)c2cc3c(=O)n(-c4ccc(N(c5ccccc5)c5ccc(-n6c(=O)c7cc8c(=O)n(*)c(=O)c8cc7c6=O)cc5)cc4)c(=O)c3cc2c1=O,3.516961,3.4869552,3.4777071,3.4907389
1677,4,3.88,*c1ccc(Oc2ccc(Oc3ccc(N4C(=O)c5ccc(S(=O)(=O)c6ccc7c(c6)C(=O)N(*)C7=O)cc5C4=O)cc3)cc2C(C)(C)C)cc1,3.9182243,3.9014523,3.88132,3.9034545
127,3,2.61,*N1C(=O)c2ccc(C(=O)c3ccc4c(c3)C(=O)N(c3ccc(Oc5ccc(C(c6ccc(Oc7ccc(*)cc7C(F)(F)F)cc6)(c6cc(C(F)(F)F)cc(C(F)(F)F)c6)C(F)(F)F)cc5)c(C(F)(F)F)c3)C4=O)cc2C1=O,2.595389,2.5891893,2.5671883,2.6198678
35,10,2.73,*N1C(=O)c2ccc(C(c3ccc4c(c3)C(=O)N(c3cccc(Oc5cccc(*)c5)c3)C4=O)(C(F)(F)F)C(F)(F)F)cc2C1=O,2.7501512,2.732198,2.7105875,2.731518
214,6,2.68,*c1ccc(Oc2ccc(-c3ccc(OC4=C=C=C(n5c(=O)c6cc7c(=O)n(*)c(=O)c7cc6c5=O)C=C4C(F)(F)F)c(C(F)(F)F)c3)cc2C(F)(F)F)c(C(F)(F)F)c1,2.7223969,2.6592357,2.6962104,2.6774611
2332,6,2.63,*c1ccc(C2(C)CC(C)(C)c3ccc(N4C(=O)c5ccc(C(c6ccc7c(c6)C(=O)N(*)C7=O)(C(F)(F)F)C(F)(F)F)cc5C4=O)cc32)cc1,2.6132207,2.6249926,2.640026,2.608316
1259,3,3.41,*c1ccc(Oc2ccc(Oc3ccc(N4C(=O)c5ccc(C(=O)OCC6(C)CCC(CCOC(=O)c7ccc8c(c7)C(=O)N(*)C8=O)C6(C)C)cc5C4=O)cc3)cc2)cc1,3.3906412,3.432862,3.4372182,3.4139223
251,6,2.91,*c1ccc(C(c2ccc(N3C(=O)c4ccc(C(=O)c5ccc6c(c5)C(=O)N(*)C6=O)cc4C3=O)cc2)(c2cccc(C(F)(F)F)c2)C(F)(F)F)cc1,2.9202032,2.9300034,2.9115365,2.9158974
1388,4.34,3.47,*c1ccc(Oc2ccc(-n3c(=O)c4cc5c(=O)n(*)c(=O)c5cc4c3=O)cc2)cc1,3.4322462,3.402546,3.4050717,3.4128513
1720,6,2.69,*c1ccc(Oc2ccc(C(=O)c3ccc(N4C(=O)c5ccc(C(c6ccc7c(c6)C(=O)N(*)C7=O)(C(F)(F)F)C(F)(F)F)cc5C4=O)cc3)cc2C)c(C(F)(F)F)c1,2.7545538,2.7406194,2.7389364,2.7216823
2177,5,5.62,*c1ccc(-c2cc(CS(C)(=O)=O)cc(-c3ccc(-n4c(=O)c5cc6c(=O)n(*)c(=O)c6cc5c4=O)cc3)c2)cc1,5.6941376,5.568081,5.591691,5.5736923
512,6,2.74,*N1C(=O)c2ccc(C(c3ccc4c(c3)C(=O)N(c3ccc(Oc5ccc(-c6ccc(-c7ccc(-c8ccc(Oc9ccc(*)cc9)c(C(F)(F)F)c8)cc7)cc6)cc5C(F)(F)F)cc3)C4=O)C(F)(F)F)cc2C1=O,2.7470531,2.760251,2.745173,2.7850618
1640,9.95,2.91,*N1C(=O)C2CC3C(=O)N(c4ccc(Oc5ccc(C(C)(C)c6ccc(Oc7ccc(*)cc7)cc6)cc5)cc4)C(=O)C3CC2C1=O,2.9302263,2.920956,2.9160821,2.918745
676,5.99,2.37,*N1C(=O)c2ccc(C(c3ccc4c(c3)C(=O)N(c3ccc(-c5cc(-c6ccc(*)cc6)cc(C(c6ccccc6)(c6ccccc6)c6ccccc6)c5)cc3)C4=O)(C(F)(F)F)C(F)(F)F)cc2C1=O,2.3436968,2.3729281,2.3701053,2.3814626
1294,6,3.37,*n1c(=O)c2cc3c(=O)n(-c4ccc(Oc5ccc(Oc6ccc(*)cc6)cc5)cc4)c(=O)c3cc2c1=O,3.3794966,3.3720338,3.3711863,3.357725
2305,4.28,5.72,*c1ccc(-c2cc(CS(C)(=O)=O)cc(-c3ccc(-n4c(=O)c5cc6c(=O)n(*)c(=O)c6cc5c4=O)cc3)c2)cc1,5.798997,5.689307,5.716472,5.6839824
1144,3.86,2.69,*N1C(=O)c2ccc(-c3ccc4c(c3)C(=O)N(c3ccc(-c5ccc(/C(=C\c6ccccc6)c6ccc(-c7ccc(*)cc7)cc6)cc5)cc3)C4=O)cc2C1=O,2.6813061,2.6840014,2.6747863,2.6848614
880,4.33,2.44,*N1C(=O)c2ccc(C(c3ccc4c(c3)C(=O)N(c3ccc(-c5cc(-c6ccc(-c7ccc(-c8ccccc8)cc7)cc6)cc(-c6ccc(*)cc6)n5)cc3)C4=O)(C(F)(F)F)C(F)(F)F)cc2C1=O,2.4653502,2.4649534,2.4588475,2.4904077
64,8.34,3.23,*c1ccc(Oc2ccc(N3C(=O)c4ccc(C(=O)c5ccc6c(c5)C(=O)N(*)C6=O)cc4C3=O)cc2)cc1,3.246452,3.227347,3.2423353,3.2340415
186,4,2.82,*N1C(=O)c2ccc(C(c3ccc4c(c3)C(=O)N(c3ccc(-c5ccc(*)cc5C(F)(F)F)c(C(F)(F)F)c3)C4=O)(C(F)(F)F)C(F)(F)F)cc2C1=O,2.8348372,2.820316,2.799508,2.801001
1647,10.02,2.81,*N1C(=O)C2CC3C(=O)N(c4ccc(Oc5ccc(C(c6ccc(Oc7ccc(*)cc7)cc6)(C(F)(F)F)C(F)(F)F)cc5)cc4)C(=O)C3CC2C1=O,2.834327,2.8499715,2.8472564,2.8566933
1738,4,2.86,*N1C(=O)c2ccc(S(=O)(=O)c3ccc4c(c3)C(=O)N(c3ccc(Oc5ccc(C6(c7ccc(Oc8ccc(*)cc8C(F)(F)F)cc7)c7ccccc7-c7ccccc76)cc5)c(C(F)(F)F)c3)C4=O)cc2C1=O,3.0058243,3.0209389,2.999293,3.016422
1697,7.6,3.23,*N1C(=O)c2ccc(S(=O)(=O)c3ccc4c(c3)C(=O)N(c3ccc(Oc5ccc(Oc6ccc(*)cc6C(F)(F)F)c(C(C)(C)C)c5)c(C(F)(F)F)c3)C4=O)cc2C1=O,3.2108727,3.1992004,3.1998136,3.2239306
981,5.03,1.49,*N1C(=O)c2ccc(C(c3ccc4c(c3)C(=O)N(c3ccc(N(c5ccc(*)cc5)c5ccc(-c6ccc(/C=C(\c7ccccc7)c7ccc(-c8ccc(C(F)(F)F)cc8)cc7)cc6)cc5)cc3)C4=O)(C(F)(F)F)C(F)(F)F)cc2C1=O,1.499073,1.4397951,1.4795581,1.4596173
616,3.76,3.03,*N1C(=O)c2ccc(C(c3ccc4c(c3)C(=O)N(c3ccc(-c5ccc(-c6ccc(*)cc6)cc5)cc3)C4=O)(C(F)(F)F)C(F)(F)F)cc2C1=O,3.0602164,3.0570154,3.0377254,3.04789
39,10,2.39,*N1C(=O)c2ccc(C(c3ccc4c(c3)C(=O)N(c3cccc(C(c5cccc(*)c5)(C(F)(F)F)C(F)(F)F)c3)C4=O)(C(F)(F)F)C(F)(F)F)cc2C1=O,2.4044511,2.402064,2.41249,2.4018984
131,3,2.92,*N1C(=O)c2ccc(C(=O)c3ccc4c(c3)C(=O)N(Oc3cc(C(C)(C)C)c(Oc5ccc(*)cc5)c(C(C)(C)C)c3)C4=O)cc2C1=O,2.9309518,2.9201164,2.916236,2.9015913
1092,4.78,2.6,*N1C(=O)c2ccc(C(c3ccc4c(c3)C(=O)N(c3ccc(-c5ccc(/C(=C\c6ccccc6)c6ccc(-c7ccc(*)cc7)cc6)cc5)cc3)C4=O)(C(F)(F)F)C(F)(F)F)cc2C1=O,2.6274362,2.6213806,2.6180341,2.6143985
2187,3.1,6.43,*c1ccc(-c2cc(CCS(C)(=O)=O)cc(-c3ccc(-n4c(=O)c5cc6c(=O)n(*)c(=O)c6cc5c4=O)cc3)c2)cc1,6.5117207,6.51417,6.479397,6.437073
1330,3,2.68,*N1C(=O)c2ccc(Oc3ccc4c(c3)C(=O)N(c3ccc([C@]56C[C@H]7[C@@H]8C[C@@]9(c%10ccc(*)cc%10)C[C@H]7[C@H](C5)[C@@H](C9)[C@@H]8C6)cc3)C4=O)cc2C1=O,2.7053773,2.6869302,2.6535404,2.6575167
435,5.8,2.73,*n1c(=O)c2cc3c(=O)n(-c4ccc(N(c5ccc(-c6ccc(-c7ccccc7)cc6)cc5)c5ccc(-n6c(=O)c7cc8c(=O)n(*)c(=O)c8cc7c6=O)cc5)cc4)c(=O)c3cc2c1=O,2.7424645,2.7288957,2.697481,2.7350063
27,10,3.02,*N1C(=O)c2ccc(Oc3ccc(Oc4ccc5c(c4)C(=O)N(c4ccc(Oc6ccc(*)cc6)cc4)C5=O)cc3)cc2C1=O,3.0360496,3.0326555,3.063315,3.0349402
2315,3.41,5.8,*c1ccc(-c2cc(CS(C)(=O)=O)cc(-c3ccc(-n4c(=O)c5cc6c(=O)n(*)c(=O)c6cc5c4=O)cc3)c2)cc1,5.9234686,5.822068,5.857729,5.813565
