NO,freq,y_true,SMILES,student_hl10_wr0.7_0.3_gh256_seed100,student_hl1_wr0.7_0.3_gh128_seed2025,student_hl20_wr0.7_0.3_gh64_seed0,student_hl5_wr0.7_0.3_gh128_seed42
1777,3,2.97,*c1ccc(Oc2c(C)cc(Cc3cc(C)c(Oc4ccc(N5C(=O)c6ccc(C(c7ccc8c(c7)C(=O)N(*)C8=O)(C(F)(F)F)C(F)(F)F)cc6C5=O)cc4)c(C)c3)cc2C)cc1,3.024108,3.0326135,3.023242,3.009495
1781,3,2.86,*n1c(=O)c2cc3c(=O)n(-c4ccc(Oc5c(C)cc(C(c6cc(C)c(Oc7ccc(*)cc7)c(C)c6)c6cccc7ccccc67)cc5C)cc4)c(=O)c3cc2c1=O,2.8967795,2.8873043,2.8807542,2.9114892
2165,5.05,5.36,*c1ccc(-c2cc(-c3ccc(-n4c(=O)c5cc6c(=O)n(*)c(=O)c6cc5c4=O)cc3)cc(S(C)(=O)=O)c2)cc1,5.3591013,5.4414682,5.3057427,5.449346
1689,6,3.39,*c1ccc(Oc2ccc(Oc3ccc(N4C(=O)c5ccc(-c6ccc7c(c6)C(=O)N(*)C7=O)cc5C4=O)cc3)cc2C(C)(C)C)cc1,3.3886392,3.3913565,3.3699355,3.398423
1905,5.89,3.88,*CCCN1CCN(CCCN2C(=O)c3ccc(C(=O)c4ccc5c(c4)C(=O)N(*)C5=O)cc3C2=O)CC1,3.9020643,3.8518338,3.835748,3.963857
218,4,3.23,*N1C(=O)c2ccc(-c3ccc4c(c3)C(=O)N(c3ccc(Oc5cc(Oc6ccc(*)cc6C(F)(F)F)cc6ccccc56)c(C(F)(F)F)c3)C4=O)cc2C1=O,3.2731557,3.2330735,3.255371,3.2718265
236,6,3.44,*N1C(=O)c2ccc(C(=O)c3ccc4c(c3)C(=O)N(c3ccc(Oc5cc(Oc6ccc(*)cc6)cc6ccccc56)cc3)C4=O)cc2C1=O,3.4240847,3.4380772,3.4623725,3.4761705
1686,6,2.82,*N1C(=O)c2ccc(C(c3ccc4c(c3)C(=O)N(c3ccc(Oc5ccc(Oc6ccc(*)cc6C(F)(F)F)c(C(C)(C)C)c5)c(C(F)(F)F)c3)C4=O)(C(F)(F)F)C(F)(F)F)cc2C1=O,2.9357495,2.9320881,2.9221299,2.9138806
1710,3,2.84,*c1ccc(Oc2ccc(C(=O)c3ccc(N4C(=O)c5ccc(C(c6ccc7c(c6)C(=O)N(*)C7=O)(C(F)(F)F)C(F)(F)F)cc5C4=O)cc3)cc2C)c(C(F)(F)F)c1,2.875963,2.8921828,2.8619976,2.8813152
1722,3,2.93,*c1ccc(Oc2ccc(C3(c4ccc(Oc5ccc(-n6c(=O)c7cc8c(=O)n(*)c(=O)c8cc7c6=O)cc5C(F)(F)F)cc4)c4ccccc4-c4ccccc43)cc2)c(C(F)(F)F)c1,2.9744112,2.967033,2.967469,3.0006168
151,6,2.94,*c1ccc(Cc2ccc(N3C(=O)c4ccc(Oc5ccc(C(C)(C)c6ccc(Oc7ccc8c(c7)C(=O)N(*)C8=O)cc6)cc5)cc4C3=O)c(C)c2)cc1C,2.9806008,2.9989622,2.959433,3.003721
1764,7.6,2.78,*N1C(=O)c2ccc(S(=O)(=O)c3ccc4c(c3)C(=O)N(c3ccc(Oc5ccc(C6(c7ccc(Oc8ccc(*)cc8C(F)(F)F)cc7)c7ccccc7-c7ccccc76)cc5)c(C(F)(F)F)c3)C4=O)cc2C1=O,2.9709787,2.9831915,2.9655876,3.0083783
1670,4,3.46,*N1C(=O)c2ccc(-c3ccc4c(c3)C(=O)N(c3ccc(Oc5ccc(Oc6ccc(*)cc6C(F)(F)F)c(C(C)(C)C)c5)c(C(F)(F)F)c3)C4=O)cc2C1=O,3.487734,3.4936624,3.4696102,3.5135863
464,5.39,2.2,*n1c(=O)c2cc3c(=O)n(-c4ccc(N(c5ccc(-n6c(=O)c7cc8c(=O)n(*)c(=O)c8cc7c6=O)cc5)c5cccc(-c6ccc(-c7ccccc7)cc6)c5)cc4)c(=O)c3cc2c1=O,2.1911514,2.249872,2.3024368,2.2282982
1094,4.89,2.6,*N1C(=O)c2ccc(C(c3ccc4c(c3)C(=O)N(c3ccc(-c5ccc(/C(=C\c6ccccc6)c6ccc(-c7ccc(*)cc7)cc6)cc5)cc3)C4=O)(C(F)(F)F)C(F)(F)F)cc2C1=O,2.6778364,2.7015958,2.6727052,2.6815248
229,6,3.11,*n1c(=O)c2cc3c(=O)n(-c4ccc(Oc5cc(Oc6ccc(*)cc6C(F)(F)F)cc6ccccc56)c(C(F)(F)F)c4)c(=O)c3cc2c1=O,3.1698296,3.1185553,3.1355817,3.181571
76,8.58,3.21,*c1ccc(Oc2ccc(N3C(=O)c4ccc(C(=O)c5ccc6c(c5)C(=O)N(*)C6=O)cc4C3=O)cc2)cc1,3.2528853,3.2563176,3.2553568,3.276063
109,8.92,3.18,*c1ccc(Oc2ccc(N3C(=O)c4ccc(C(=O)c5ccc6c(c5)C(=O)N(*)C6=O)cc4C3=O)cc2)cc1,3.2510412,3.258008,3.2537768,3.2764606
1965,5.85,2.71,*N1C(=O)c2ccc(Oc3ccc4c(c3)C(=O)N(CCCN3CCN(CCC*)CC3)C4=O)cc2C1=O,2.7480757,2.7793765,2.7490213,2.7476785
2325,3,3.55,*c1ccc(C2(C)CC(C)(C)c3ccc(N4C(=O)c5ccc(Oc6ccc(C(C)(C)c7ccc(Oc8ccc9c(c8)C(=O)N(*)C9=O)cc7)cc6)cc5C4=O)cc32)cc1,3.539474,3.3452137,3.6518905,3.4961376
837,5.66,2.62,*N1C(=O)c2ccc(C(c3ccc4c(c3)C(=O)N(c3ccc(-c5cc(-c6ccc(-c7ccccc7)cc6)cc(-c6ccc(*)cc6)n5)cc3)C4=O)(C(F)(F)F)C(F)(F)F)cc2C1=O,2.6398995,2.705078,2.6608424,2.7170289
1658,3,3.4,*N1C(=O)c2ccc(S(=O)(=O)c3ccc4c(c3)C(=O)N(c3ccc(Oc5ccc(Oc6ccc(*)cc6C(F)(F)F)c(C(C)(C)C)c5)c(C(F)(F)F)c3)C4=O)cc2C1=O,3.3818595,3.4361281,3.3607264,3.4413648
1613,3,2.76,*N1C(=O)c2ccc(Oc3ccc(C45CC6C7CC8(c9ccc(Oc%10ccc%11c(c%10)C(=O)N(c%10ccc(Oc%12ccc(*)cc%12)cc%10)C%11=O)cc9)CC6C(C4)C(C8)C7C5)cc3)cc2C1=O,2.7805436,2.7908478,2.7574522,2.7771876
1324,3,2.87,*N1C(=O)c2ccc(Oc3ccc(Oc4ccc(Oc5ccc6c(c5)C(=O)N(c5ccc(Oc7ccc([C@]89C[C@@H]%10C[C@@H](C[C@@](c%11ccc(Oc%12ccc(*)cc%12)cc%11)(C%10)C8)C9)cc7)cc5)C6=O)cc4)cc3)cc2C1=O,2.9157097,2.914636,2.885413,2.8967547
1239,4.32,2.69,*n1c(=O)c2cc3c(=O)n(-c4ccc(-c5ccc(/C(=C\c6ccccc6)c6ccc(-c7ccc(*)cc7)cc6)cc5)cc4)c(=O)c3cc2c1=O,2.7237496,2.7452583,2.7380953,2.74668
619,3.93,3.03,*N1C(=O)c2ccc(C(c3ccc4c(c3)C(=O)N(c3ccc(-c5ccc(-c6ccc(*)cc6)cc5)cc3)C4=O)(C(F)(F)F)C(F)(F)F)cc2C1=O,3.0584166,3.0563288,3.09051,3.0785725
481,4,3.31,*n1c(=O)c2cc3c(=O)n(-c4ccc(Oc5cc(-c6ccccc6)c(Oc6ccc(*)cc6)cc5-c5ccccc5)cc4)c(=O)c3cc2c1=O,3.316616,3.3249483,3.2949533,3.3647687
132,3,2.88,*N1C(=O)c2ccc(Oc3ccc4c(c3)C(=O)N(Oc3cc(C(C)(C)C)c(Oc5ccc(*)cc5)c(C(C)(C)C)c3)C4=O)cc2C1=O,2.9327886,2.9260604,2.9249172,2.8929691
1617,9.21,3.49,*c1cccc(Oc2ccc(-n3c(=O)c4cc5c(=O)n(*)c(=O)c5cc4c3=O)cc2)c1,3.466947,3.44537,3.4586399,3.4703705
2210,8.7,2.57,*N1C(=O)c2ccc(C(=O)c3ccc4c(c3)C(=O)N(c3c(C)cc(C(c5ccc(C(C)C)cc5)c5cc(C)c(*)c(C)c5)cc3C)C4=O)cc2C1=O,2.6437685,2.6939676,2.6413224,2.6558914
264,3,2.79,*N1C(=O)C2=CC=C(C(c3ccc4c(c3)C(=O)N(c3ccc(Oc5ccc(*)cc5)cc3)C4=O)(C(F)(F)F)C(F)(F)F)CC2C1=O,2.8033562,2.836034,2.8190503,2.847413
67,8.41,3.23,*c1ccc(Oc2ccc(N3C(=O)c4ccc(C(=O)c5ccc6c(c5)C(=O)N(*)C6=O)cc4C3=O)cc2)cc1,3.2537324,3.255472,3.2570295,3.2759147
2199,6,2.49,*N1C(=O)c2ccc(Oc3ccc4c(c3)C(=O)N(c3c(C)cc(C(c5ccc(C(C)C)cc5)c5cc(C)c(*)c(C)c5)cc3C)C4=O)cc2C1=O,2.5486233,2.5926583,2.5243711,2.537931
332,10,3.64,*c1ccc(OC(=O)c2ccc(N3C(=O)c4ccc(C(=O)Oc5ccc(OC(=O)c6ccc7c(c6)C(=O)N(*)C7=O)cc5)cc4C3=O)cc2)cc1,3.6166494,3.6258578,3.5739493,3.6225047
2320,6,2.65,*c1c(C)cc(C2(c3cc(C)c(N4C(=O)c5ccc(Oc6ccc7c(c6)C(=O)N(*)C7=O)cc5C4=O)c(C)c3)c3cc(O[Si](C)(C)C(C)(C)C)ccc3-c3ccc(O[Si](C)(C)C(C)(C)C)cc32)cc1C,2.6275058,2.6771734,2.5878563,2.6636863
2161,3.99,5.45,*c1ccc(-c2cc(-c3ccc(-n4c(=O)c5cc6c(=O)n(*)c(=O)c6cc5c4=O)cc3)cc(S(C)(=O)=O)c2)cc1,5.426645,5.5400877,5.416974,5.5519934
141,3,3.25,*c1ccc(Cc2ccc(N3C(=O)c4ccc(Oc5ccc(C(C)(C)c6ccc(Oc7ccc8c(c7)C(=O)N(*)C8=O)cc6)cc5)cc4C3=O)cc2)cc1,3.2737606,3.260742,3.2713087,3.26987
1819,5.8,4.8,*n1c(=O)c2cc3c(=O)n(CCCN4CCN(CCC*)CC4)c(=O)c3cc2c1=O,4.7649064,4.751802,4.7210193,4.733504
500,6,2.98,*n1c(=O)c2cc3c(=O)n(-c4ccc(Oc5cc(-c6ccccc6)c(Oc6ccc(*)cc6C(F)(F)F)cc5-c5ccccc5)c(C(F)(F)F)c4)c(=O)c3cc2c1=O,3.0617595,3.056952,3.047744,3.0990415
1989,6,2.61,*N1C(=O)c2ccc(Oc3ccc4c(c3)C(=O)N(CCCN3CCN(CCC*)CC3)C4=O)cc2C1=O,2.7476563,2.776736,2.7474592,2.7461536
1136,4.29,2.67,*N1C(=O)c2ccc(-c3ccc4c(c3)C(=O)N(c3ccc(-c5ccc(/C(=C\c6ccccc6)c6ccc(-c7ccc(*)cc7)cc6)cc5)cc3)C4=O)cc2C1=O,2.7300334,2.7533572,2.7298205,2.7486093
1172,3.51,2.78,*N1C(=O)c2ccc(C(=O)c3ccc4c(c3)C(=O)N(c3ccc(-c5ccc(/C(=C\c6ccccc6)c6ccc(-c7ccc(*)cc7)cc6)cc5)cc3)C4=O)cc2C1=O,2.8277402,2.8417554,2.8113892,2.833891
1326,3,2.86,*N1C(=O)c2ccc(-c3ccc4c(c3)C(=O)N(c3ccc(Oc5ccc([C@]67C[C@@H]8C[C@@H](C[C@@](c9ccc(Oc%10ccc(*)cc%10)cc9)(C8)C6)C7)cc5)cc3)C4=O)cc2C1=O,2.890512,2.9148445,2.886533,2.9099193
302,10,3.25,*N1C(=O)c2ccc(-c3ccc4c(c3)C(=O)N(c3ccc(-c5ccc(*)cc5C(F)(F)F)c(C(F)(F)F)c3)C4=O)cc2C1=O,3.286205,3.2457247,3.2737358,3.2860253
2172,3.02,5.92,*c1ccc(-c2cc(CS(C)(=O)=O)cc(-c3ccc(-n4c(=O)c5cc6c(=O)n(*)c(=O)c6cc5c4=O)cc3)c2)cc1,5.8728256,5.884899,5.7683935,5.8655095
1401,5.5,3.43,*c1ccc(Oc2ccc(-n3c(=O)c4cc5c(=O)n(*)c(=O)c5cc4c3=O)cc2)cc1,3.4116995,3.3925426,3.4048269,3.4327404
312,10,3.12,*n1c(=O)c2cc3c(=O)n(-c4ccc(Oc5ccc(C(C)(C)c6ccc(Oc7ccc(*)cc7)cc6)cc5)cc4)c(=O)c3cc2c1=O,3.2018592,3.1821806,3.1822922,3.2152267
1316,7.6,3.61,*N1C(=O)c2ccc(S(=O)(=O)c3ccc4c(c3)C(=O)N(c3ccc(Oc5ccc(Oc6ccc(*)cc6)c6c5C5CCC6C5)cc3)C4=O)cc2C1=O,3.5965297,3.5660832,3.6113386,3.6199436
1134,4.4,2.66,*N1C(=O)c2ccc(-c3ccc4c(c3)C(=O)N(c3ccc(-c5ccc(/C(=C\c6ccccc6)c6ccc(-c7ccc(*)cc7)cc6)cc5)cc3)C4=O)cc2C1=O,2.7287996,2.7518687,2.7280512,2.7462316
244,6,2.68,*c1ccc(Oc2c(C)cc(C(C)(C)c3cc(C)c(Oc4c(F)c(F)c(-c5c(F)c(F)c(Oc6c(C)cc(C(C)(C)c7cc(C)c(Oc8ccc(N9C(=O)c%10ccc(Oc%11ccc%12c(c%11)C(=O)N(*)C%12=O)cc%10C9=O)cc8)c(C)c7)cc6C)c(F)c5F)c(F)c4F)c(C)c3)cc2C)cc1,2.7202578,2.7541137,2.6530051,2.733902
2036,5.89,2.57,*N1C(=O)c2ccc(-c3ccc4c(c3)C(=O)N(CCCN3CCN(CCC*)CC3)C4=O)cc2C1=O,2.6324697,2.6503766,2.6430905,2.6559415
1858,4.44,4.93,*n1c(=O)c2cc3c(=O)n(CCCN4CCN(CCC*)CC4)c(=O)c3cc2c1=O,4.8065453,4.806503,4.760099,4.7897463
245,6,2.89,*N1C(=O)c2ccc(C(c3cc(C(F)(F)F)cc(C(F)(F)F)c3)(c3ccc4c(c3)C(=O)N(Cc3ccc(Oc5ccc(*)cc5)cc3)C4=O)C(F)(F)F)cc2C1=O,2.97938,2.9782221,2.933805,2.9814954
898,5.47,2.44,*N1C(=O)c2ccc(C(c3ccc4c(c3)C(=O)N(c3ccc(-c5cc(-c6ccc(-c7ccc(-c8ccccc8)cc7)cc6)cc(-c6ccc(*)cc6)n5)cc3)C4=O)(C(F)(F)F)C(F)(F)F)cc2C1=O,2.5164292,2.6094496,2.555273,2.5998456
484,4,3.17,*N1C(=O)c2ccc(Oc3ccc4c(c3)C(=O)N(c3ccc(Oc5cc(-c6ccccc6)c(Oc6ccc(*)cc6)cc5-c5ccccc5)cc3)C4=O)cc2C1=O,3.181155,3.1930532,3.1702998,3.1977224
2151,5,6,*N1C(=O)c2ccc(-c3ccc4c(c3)C(=O)N(c3ccc5c(c3)OCCOCCOc3cc(*)ccc3OCCOCCO5)C4=O)cc2C1=O,6.128581,6.1402893,5.926482,6.2239857
1684,6,3.23,*N1C(=O)c2ccc(S(=O)(=O)c3ccc4c(c3)C(=O)N(c3ccc(Oc5ccc(Oc6ccc(*)cc6C(F)(F)F)c(C(C)(C)C)c5)c(C(F)(F)F)c3)C4=O)cc2C1=O,3.3051658,3.319672,3.2808852,3.345488
1822,5.82,4.8,*n1c(=O)c2cc3c(=O)n(CCCN4CCN(CCC*)CC4)c(=O)c3cc2c1=O,4.764294,4.750964,4.7204475,4.732687
694,5.09,2.18,*N1C(=O)c2ccc(C(c3ccc4c(c3)C(=O)N(c3cccc(-c5cc(-c6ccc(*)cc6)cc(C(c6ccccc6)(c6ccccc6)c6ccccc6)c5)c3)C4=O)(C(F)(F)F)C(F)(F)F)cc2C1=O,2.3593063,2.3872766,2.3930242,2.3520856
1807,5.68,4.83,*n1c(=O)c2cc3c(=O)n(CCCN4CCN(CCC*)CC4)c(=O)c3cc2c1=O,4.7685804,4.7568254,4.724448,4.738406
275,3,2.85,*N1C(=O)c2ccc(Oc3ccc4c(c3)C(=O)N(c3ccc(Oc5ccc(S(=O)(=O)c6ccc(Oc7ccc(*)cc7)c(-c7cc(C(F)(F)F)cc(C(F)(F)F)c7)c6)cc5-c5cc(C(F)(F)F)cc(C(F)(F)F)c5)cc3)C4=O)cc2C1=O,2.8661485,2.9250495,2.865405,2.913507
483,4,3.42,*c1ccc(Oc2cc(-c3ccccc3)c(Oc3ccc(N4C(=O)c5ccc(C(=O)c6ccc7c(c6)C(=O)N(*)C7=O)cc5C4=O)cc3)cc2-c2ccccc2)cc1,3.40122,3.3897123,3.3945801,3.4277651
511,6,2.98,*N1C(=O)c2ccc(C(=O)c3ccc4c(c3)C(=O)N(c3ccc(Oc5ccc(-c6ccc(-c7ccc(-c8ccc(Oc9ccc(*)cc9)c(C(F)(F)F)c8)cc7)cc6)cc5C(F)(F)F)cc3)C4=O)cc2C1=O,3.0172138,3.0349095,2.9991474,3.04511
816,4.33,2.61,*N1C(=O)c2ccc(C(c3ccc4c(c3)C(=O)N(c3ccc(-c5cc(-c6ccc(-c7ccccc7)cc6)cc(-c6ccc(*)cc6)n5)cc3)C4=O)(C(F)(F)F)C(F)(F)F)cc2C1=O,2.63779,2.7001128,2.65606,2.7258272
1991,5.34,2.59,*N1C(=O)c2ccc(-c3ccc4c(c3)C(=O)N(CCCN3CCN(CCC*)CC3)C4=O)cc2C1=O,2.6384814,2.6610649,2.6470654,2.6583734
1295,6,3.12,*n1c(=O)c2cc3c(=O)n(-c4ccc(Oc5ccc(Oc6ccc(*)cc6)c6c5C5CCC6C5)cc4)c(=O)c3cc2c1=O,3.152701,3.1417663,3.1237724,3.1583862
420,3.26,2.74,*n1c(=O)c2cc3c(=O)n(-c4ccc(N(c5ccc(-c6ccc(-c7ccccc7)cc6)cc5)c5ccc(-n6c(=O)c7cc8c(=O)n(*)c(=O)c8cc7c6=O)cc5)cc4)c(=O)c3cc2c1=O,2.7777736,2.7839541,2.772109,2.7833865
1320,3,2.85,*c1ccc(Oc2ccc([C@@]34C[C@H]5C[C@@H](C3)C[C@@](c3ccc(Oc6ccc(-n7c(=O)c8cc9c(=O)n(*)c(=O)c9cc8c7=O)cc6)cc3)(C5)C4)cc2)cc1,2.8589342,2.88551,2.8485098,2.8520732
550,4.07,3.38,*c1ccc(Oc2ccc(-n3c(=O)c4cc5c(=O)n(*)c(=O)c5cc4c3=O)cc2)cc1,3.438494,3.4158602,3.423777,3.4588678
24,10,3.09,*c1cccc(Oc2cccc(N3C(=O)c4ccc(C(=O)c5ccc6c(c5)C(=O)N(*)C6=O)cc4C3=O)c2)c1,3.1444638,3.1498804,3.157775,3.0890203
419,3.08,2.75,*n1c(=O)c2cc3c(=O)n(-c4ccc(N(c5ccc(-c6ccc(-c7ccccc7)cc6)cc5)c5ccc(-n6c(=O)c7cc8c(=O)n(*)c(=O)c8cc7c6=O)cc5)cc4)c(=O)c3cc2c1=O,2.7802463,2.7868779,2.7736666,2.784419
1309,7.6,3.27,*N1C(=O)c2ccc(-c3ccc4c(c3)C(=O)N(c3ccc(Oc5ccc(Oc6ccc(*)cc6)cc5)cc3)C4=O)cc2C1=O,3.2464316,3.2299383,3.2341776,3.2472806
289,6,2.66,*c1cc(N2C(=O)c3ccc(C(C)(C)c4ccc5c(c4)C(=O)N(*)C5=O)cc3C2=O)ccc1-c1cc(C(F)(F)F)cc(C(F)(F)F)c1,2.7523823,2.7737553,2.7171874,2.781535
426,4.27,2.73,*n1c(=O)c2cc3c(=O)n(-c4ccc(N(c5ccc(-c6ccc(-c7ccccc7)cc6)cc5)c5ccc(-n6c(=O)c7cc8c(=O)n(*)c(=O)c8cc7c6=O)cc5)cc4)c(=O)c3cc2c1=O,2.76315,2.7713742,2.7657588,2.7784426
1649,3,3.05,*N1C(=O)c2ccc(C(=O)c3ccc4c(c3)C(=O)N(c3ccc(-c5cc(C(C)(C)C)c(Oc6ccc(*)cc6)c(C(C)(C)C)c5)c(Cl)c3)C4=O)cc2C1=O,3.0538604,3.0458648,3.0210018,3.0577154
1196,4.79,2.72,*N1C(=O)c2ccc(C(=O)c3ccc4c(c3)C(=O)N(c3ccc(-c5ccc(/C(=C\c6ccccc6)c6ccc(-c7ccc(*)cc7)cc6)cc5)cc3)C4=O)cc2C1=O,2.8087342,2.825868,2.7850275,2.812121
1284,4,2.97,*N1C(=O)c2ccc(-c3ccc4c(c3)C(=O)N(c3ccc(Oc5ccc(Oc6ccc(*)cc6)c6c5C5CCC6C5)cc3)C4=O)cc2C1=O,2.9952488,3.009849,2.9804702,3.0168889
1660,3,2.98,*N1C(=O)c2ccc(C(c3ccc4c(c3)C(=O)N(c3ccc(Oc5ccc(Oc6ccc(*)cc6C(F)(F)F)c(C(C)(C)C)c5)c(C(F)(F)F)c3)C4=O)(C(F)(F)F)C(F)(F)F)cc2C1=O,3.0215902,3.0515404,3.0200408,3.0386105
248,6,2.71,*N1C(=O)c2ccc(C(c3cc(C(F)(F)F)cc(C(F)(F)F)c3)(c3ccc4c(c3)C(=O)N(c3ccc(Oc5ccc(Oc6ccc(*)cc6C(F)(F)F)cc5)c(C(F)(F)F)c3)C4=O)C(F)(F)F)cc2C1=O,2.7167783,2.7310233,2.7001555,2.7168803
100,8.85,3.18,*c1ccc(Oc2ccc(N3C(=O)c4ccc(C(=O)c5ccc6c(c5)C(=O)N(*)C6=O)cc4C3=O)cc2)cc1,3.2514157,3.2576604,3.2537837,3.2763646
91,8.77,3.19,*c1ccc(Oc2ccc(N3C(=O)c4ccc(C(=O)c5ccc6c(c5)C(=O)N(*)C6=O)cc4C3=O)cc2)cc1,3.251844,3.2572625,3.253971,3.2762742
2311,5.07,5.55,*c1ccc(-c2cc(CS(C)(=O)=O)cc(-c3ccc(-n4c(=O)c5cc6c(=O)n(*)c(=O)c6cc5c4=O)cc3)c2)cc1,5.639366,5.637418,5.480269,5.6324024
1971,5.89,2.69,*N1C(=O)c2ccc(Oc3ccc4c(c3)C(=O)N(CCCN3CCN(CCC*)CC3)C4=O)cc2C1=O,2.747964,2.7786725,2.7486048,2.747272
1589,4.22,2.27,*N1C(=O)c2ccc(C(c3ccc4c(c3)C(=O)N(c3cc(*)cc(C(F)(F)F)c3)C4=O)(C(F)(F)F)C(F)(F)F)cc2C1=O,2.3373303,2.332357,2.336111,2.319188
297,10,2.38,*c1cc(N2C(=O)c3ccc(C(C)(C)c4ccc5c(c4)C(=O)N(*)C5=O)cc3C2=O)ccc1-c1cc(C(F)(F)F)cc(C(F)(F)F)c1,2.584749,2.5750055,2.5363998,2.5805464
490,4,3.21,*N1C(=O)c2ccc(Oc3ccc4c(c3)C(=O)N(c3ccc(Oc5cc(-c6ccccc6)c(Oc6ccc(*)cc6C(F)(F)F)cc5-c5ccccc5)c(C(F)(F)F)c3)C4=O)cc2C1=O,3.240486,3.2532046,3.199901,3.2491283
22,10,2.84,*c1cccc(Oc2cccc(-n3c(=O)c4cc5c(=O)n(*)c(=O)c5cc4c3=O)c2)c1,2.9331963,2.9185503,2.9300046,2.9421973
1080,4.14,2.63,*N1C(=O)c2ccc(C(c3ccc4c(c3)C(=O)N(c3ccc(-c5ccc(/C(=C\c6ccccc6)c6ccc(-c7ccc(*)cc7)cc6)cc5)cc3)C4=O)(C(F)(F)F)C(F)(F)F)cc2C1=O,2.6965306,2.7206256,2.68066,2.6911893
149,4.03,2.99,*c1ccc(Cc2ccc(N3C(=O)c4ccc(Oc5ccc(C(C)(C)c6ccc(Oc7ccc8c(c7)C(=O)N(*)C8=O)cc6)cc5)cc4C3=O)c(C)c2)cc1C,3.0133767,3.0123935,2.9954863,3.0207708
693,4.96,2.2,*N1C(=O)c2ccc(C(c3ccc4c(c3)C(=O)N(c3cccc(-c5cc(-c6ccc(*)cc6)cc(C(c6ccccc6)(c6ccccc6)c6ccccc6)c5)c3)C4=O)(C(F)(F)F)C(F)(F)F)cc2C1=O,2.3714697,2.3966737,2.402114,2.3632483
1268,3,3.46,*n1c(=O)c2cc3c(=O)n(-c4ccc(Oc5ccc(Oc6ccc(*)cc6)cc5)cc4)c(=O)c3cc2c1=O,3.4516041,3.4270945,3.4269965,3.473081
449,3.03,2.23,*n1c(=O)c2cc3c(=O)n(-c4ccc(N(c5ccc(-n6c(=O)c7cc8c(=O)n(*)c(=O)c8cc7c6=O)cc5)c5cccc(-c6ccc(-c7ccccc7)cc6)c5)cc4)c(=O)c3cc2c1=O,2.231078,2.2704096,2.2661557,2.2330937
202,3,2.46,*c1c(C)c(C)c(N2C(=O)C3=CCC(C(c4ccc5c(c4)C(=O)N(*)C5=O)(C(F)(F)F)C(F)(F)F)C=C3C2=O)c(C)c1C,2.5287662,2.522637,2.4515128,2.5227098
795,3.03,2.58,*N1C(=O)c2ccc(C(c3ccc4c(c3)C(=O)N(c3ccc(-c5cc(-c6ccc(-c7ccccc7)cc6)cc(-c6ccc(*)cc6)n5)cc3)C4=O)(C(F)(F)F)C(F)(F)F)cc2C1=O,2.6522212,2.7009766,2.684331,2.733731
1180,3.94,2.76,*N1C(=O)c2ccc(C(=O)c3ccc4c(c3)C(=O)N(c3ccc(-c5ccc(/C(=C\c6ccccc6)c6ccc(-c7ccc(*)cc7)cc6)cc5)cc3)C4=O)cc2C1=O,2.8201227,2.836316,2.8022969,2.8275461
1772,7.6,2.9,*N1C(=O)c2ccc(C(c3ccc4c(c3)C(=O)N(c3ccc(Oc5ccc(C6(c7ccc(Oc8ccc(*)cc8)cc7)c7ccccc7-c7ccccc76)cc5)cc3)C4=O)(C(F)(F)F)C(F)(F)F)cc2C1=O,2.937381,2.9379516,2.9391768,2.960803
142,4,3.22,*c1ccc(Cc2ccc(N3C(=O)c4ccc(Oc5ccc(C(C)(C)c6ccc(Oc7ccc8c(c7)C(=O)N(*)C8=O)cc6)cc5)cc4C3=O)cc2)cc1,3.2496274,3.236757,3.242246,3.250839
2219,6,2.62,*N1C(=O)c2ccc(Oc3ccc(C(C)(C)c4ccc(Oc5ccc6c(c5)C(=O)N(c5ccc(Oc7ccc(C(C)(C)c8ccc(Oc9ccc(-n%10c(=O)c%11cc%12c(=O)n(-c%13ccc(Oc%14ccc(C(CCC)(CCC)c%15ccc(Oc%16ccc(*)cc%16)cc%15)cc%14)cc%13)c(=O)c%12cc%11c%10=O)cc9)cc8)cc7)cc5)C6=O)cc4)cc3)cc2C1=O,2.6587892,2.7634478,2.6170163,2.7372158
1724,3,2.88,*N1C(=O)c2ccc(-c3ccc4c(c3)C(=O)N(c3ccc(Oc5ccc(C6(c7ccc(Oc8ccc(*)cc8C(F)(F)F)cc7)c7ccccc7-c7ccccc76)cc5)c(C(F)(F)F)c3)C4=O)cc2C1=O,2.9166837,2.9323578,2.9281163,2.943006
1678,4,3.43,*c1ccc(Oc2ccc(Oc3ccc(N4C(=O)c5ccc(Oc6ccc7c(c6)C(=O)N(*)C7=O)cc5C4=O)cc3)cc2C(C)(C)C)cc1,3.4292922,3.4060392,3.4138873,3.411731
176,3.08,2.74,*N1C(=O)c2ccc(C(c3ccc4c(c3)C(=O)N(c3ccc(Cc5ccc(*)c(C)c5)cc3C)C4=O)(C(F)(F)F)C(F)(F)F)cc2C1=O,2.7797213,2.8175578,2.7737727,2.7977772
177,4.01,2.73,*N1C(=O)c2ccc(C(c3ccc4c(c3)C(=O)N(c3ccc(Cc5ccc(*)c(C)c5)cc3C)C4=O)(C(F)(F)F)C(F)(F)F)cc2C1=O,2.7706141,2.8012724,2.7589386,2.793799
195,3,2.63,*N1C(=O)c2ccc(-c3ccc4c(c3)C(=O)N(c3ccc(Oc5ccc([C@]67C[C@H]8CC9C6CC6C[C@H]7C(C8)[C@@]9(c7ccc(Oc8ccc(*)cc8)cc7)C6)cc5)cc3)C4=O)cc2C1=O,2.6725733,2.7012157,2.6799796,2.6925435
432,5.29,2.72,*n1c(=O)c2cc3c(=O)n(-c4ccc(N(c5ccc(-c6ccc(-c7ccccc7)cc6)cc5)c5ccc(-n6c(=O)c7cc8c(=O)n(*)c(=O)c8cc7c6=O)cc5)cc4)c(=O)c3cc2c1=O,2.747193,2.7687042,2.7633402,2.773903
685,3.06,2.5,*N1C(=O)c2ccc(C(c3ccc4c(c3)C(=O)N(c3cccc(-c5cc(-c6ccc(*)cc6)cc(C(c6ccccc6)(c6ccccc6)c6ccccc6)c5)c3)C4=O)(C(F)(F)F)C(F)(F)F)cc2C1=O,2.5489345,2.5467272,2.5534241,2.5244412
766,5.26,2.81,*N1C(=O)c2ccc(C(c3ccc4c(c3)C(=O)N(c3ccc(-c5cc(-c6ccccc6)cc(-c6ccc(*)cc6)n5)cc3)C4=O)(C(F)(F)F)C(F)(F)F)cc2C1=O,2.7868762,2.807696,2.784271,2.853061
1766,7.6,2.62,*N1C(=O)c2ccc(C(c3ccc4c(c3)C(=O)N(c3ccc(Oc5ccc(C6(c7ccc(Oc8ccc(*)cc8C(F)(F)F)cc7)c7ccccc7-c7ccccc76)cc5)c(C(F)(F)F)c3)C4=O)(C(F)(F)F)C(F)(F)F)cc2C1=O,2.703548,2.7202451,2.70845,2.7160664
1468,5.34,2.65,*N1C(=O)c2ccc(C(c3ccc4c(c3)C(=O)N(c3ccc(*)cc3)C4=O)(C(F)(F)F)C(F)(F)F)cc2C1=O,2.68839,2.6939702,2.6958585,2.6999185
403,5.66,3.43,*n1c(=O)c2cc3c(=O)n(-c4ccc(N(c5ccccc5)c5ccc(-n6c(=O)c7cc8c(=O)n(*)c(=O)c8cc7c6=O)cc5)cc4)c(=O)c3cc2c1=O,3.4579854,3.4213367,3.447071,3.4177842
1932,5.47,2.87,*N1C(=O)c2ccc(Oc3ccc4c(c3)C(=O)N(CCCN3CCN(CCC*)CC3)C4=O)cc2C1=O,2.7491388,2.7860692,2.7536063,2.7510943
1178,3.83,2.77,*N1C(=O)c2ccc(C(=O)c3ccc4c(c3)C(=O)N(c3ccc(-c5ccc(/C(=C\c6ccccc6)c6ccc(-c7ccc(*)cc7)cc6)cc5)cc3)C4=O)cc2C1=O,2.8218272,2.8377094,2.8046217,2.829328
625,4.27,3.03,*N1C(=O)c2ccc(C(c3ccc4c(c3)C(=O)N(c3ccc(-c5ccc(-c6ccc(*)cc6)cc5)cc3)C4=O)(C(F)(F)F)C(F)(F)F)cc2C1=O,3.0565922,3.0535758,3.0866907,3.0764327
61,8.25,3.25,*c1ccc(Oc2ccc(N3C(=O)c4ccc(C(=O)c5ccc6c(c5)C(=O)N(*)C6=O)cc4C3=O)cc2)cc1,3.2545297,3.254683,3.2587895,3.2762818
1744,4,3.19,*N1C(=O)c2ccc(S(=O)(=O)c3ccc4c(c3)C(=O)N(c3ccc(Oc5ccc(C6(c7ccc(Oc8ccc(*)cc8C(F)(F)F)cc7)c7ccccc7-c7ccccc76)cc5)c(C(F)(F)F)c3)C4=O)cc2C1=O,3.0471506,3.0416894,3.0311692,3.0523002
698,6.01,2.11,*N1C(=O)c2ccc(C(c3ccc4c(c3)C(=O)N(c3cccc(-c5cc(-c6ccc(*)cc6)cc(C(c6ccccc6)(c6ccccc6)c6ccccc6)c5)c3)C4=O)(C(F)(F)F)C(F)(F)F)cc2C1=O,2.3031702,2.34466,2.3391325,2.2976813
2200,7,2.53,*n1c(=O)c2cc3c(=O)n(-c4c(C)cc(C(c5ccc(C(C)C)cc5)c5cc(C)c(*)c(C)c5)cc4C)c(=O)c3cc2c1=O,2.5932865,2.60145,2.5706303,2.568403
158,6.01,3.3,*c1ccc(Cc2ccc(N3C(=O)c4ccc(C(=O)c5ccc6c(c5)C(=O)N(*)C6=O)cc4C3=O)cc2)cc1,3.3232512,3.3328395,3.3407729,3.326463
326,10,2.5,*N1C(=O)c2ccc(C(c3ccc4c(c3)C(=O)N(c3ccc(Oc5ccc(C(c6ccc(Oc7ccc(*)cc7)cc6)(C(F)(F)F)C(F)(F)F)cc5)cc3)C4=O)(C(F)(F)F)C(F)(F)F)cc2C1=O,2.4424963,2.4671786,2.404715,2.4592886
172,6.01,2.78,*N1C(=O)c2ccc(C(c3ccc4c(c3)C(=O)N(c3ccc(Cc5ccc(*)cc5)cc3)C4=O)(C(F)(F)F)C(F)(F)F)cc2C1=O,2.8825788,2.8613284,2.8812504,2.8925374
2223,6,2.92,*c1ccc(-c2ccc(N3C(=O)c4ccc(C(c5ccc6c(c5)C(=O)C(c5ccc(-c7ccc(-n8c(=O)c9cc%10c(=O)n(*)c(=O)c%10cc9c8=O)cc7C(F)(F)F)c(C(F)(F)F)c5)C6=O)(C(F)(F)F)C(F)(F)F)cc4C3=O)cc2C(F)(F)F)c(C(F)(F)F)c1,2.9273486,2.9240305,2.900788,2.9458356
834,5.47,2.61,*N1C(=O)c2ccc(C(c3ccc4c(c3)C(=O)N(c3ccc(-c5cc(-c6ccc(-c7ccccc7)cc6)cc(-c6ccc(*)cc6)n5)cc3)C4=O)(C(F)(F)F)C(F)(F)F)cc2C1=O,2.6377838,2.704603,2.6607223,2.7182274
643,5.28,3.02,*N1C(=O)c2ccc(C(c3ccc4c(c3)C(=O)N(c3ccc(-c5ccc(-c6ccc(*)cc6)cc5)cc3)C4=O)(C(F)(F)F)C(F)(F)F)cc2C1=O,3.0516138,3.0435946,3.0728219,3.0720146
1878,5.64,3.91,*CCCN1CCN(CCCN2C(=O)c3ccc(C(=O)c4ccc5c(c4)C(=O)N(*)C5=O)cc3C2=O)CC1,3.905076,3.862927,3.8415418,3.9661174
2006,5.6,2.59,*N1C(=O)c2ccc(-c3ccc4c(c3)C(=O)N(CCCN3CCN(CCC*)CC3)C4=O)cc2C1=O,2.6356418,2.6559372,2.6451864,2.6572237
775,5.82,2.83,*N1C(=O)c2ccc(C(c3ccc4c(c3)C(=O)N(c3ccc(-c5cc(-c6ccccc6)cc(-c6ccc(*)cc6)n5)cc3)C4=O)(C(F)(F)F)C(F)(F)F)cc2C1=O,2.7892537,2.809912,2.784314,2.8472607
1728,3,3.29,*c1ccc(Oc2ccc(C3(c4ccc(Oc5ccc(-n6c(=O)c7cc8c(=O)n(*)c(=O)c8cc7c6=O)cc5)cc4)c4ccccc4-c4ccccc43)cc2)cc1,3.2718725,3.2847273,3.280427,3.3410585
1725,3,2.95,*N1C(=O)c2ccc(S(=O)(=O)c3ccc4c(c3)C(=O)N(c3ccc(Oc5ccc(C6(c7ccc(Oc8ccc(*)cc8C(F)(F)F)cc7)c7ccccc7-c7ccccc76)cc5)c(C(F)(F)F)c3)C4=O)cc2C1=O,3.0568736,3.0506527,3.0444505,3.058444
206,3,2.07,*N1C(=O)c2ccc(C(c3ccc4c(c3)C(=O)N(c3ccc(Oc5ccc(C(c6ccc(Oc7ccc(*)cc7)cc6)(C(F)(F)F)C(F)(F)F)cc5)cc3)C4=O)(c3c(F)c(F)c(F)c(F)c3F)C(F)(F)F)cc2C1=O,2.1178823,2.1299372,2.1957397,2.121622
1702,7.6,3.4,*c1ccc(Oc2ccc(Oc3ccc(N4C(=O)c5ccc(-c6ccc7c(c6)C(=O)N(*)C7=O)cc5C4=O)cc3)cc2C(C)(C)C)cc1,3.3879042,3.37796,3.3569858,3.382522
1604,5.57,2.25,*N1C(=O)c2ccc(C(c3ccc4c(c3)C(=O)N(c3cc(*)cc(C(F)(F)F)c3)C4=O)(C(F)(F)F)C(F)(F)F)cc2C1=O,2.3293114,2.3273451,2.3373022,2.3129597
463,5.21,2.2,*n1c(=O)c2cc3c(=O)n(-c4ccc(N(c5ccc(-n6c(=O)c7cc8c(=O)n(*)c(=O)c8cc7c6=O)cc5)c5cccc(-c6ccc(-c7ccccc7)cc6)c5)cc4)c(=O)c3cc2c1=O,2.1927567,2.2490287,2.2997117,2.2286756
1675,4,3.34,*c1ccc(Oc2ccc(Oc3ccc(N4C(=O)c5ccc(C(=O)c6ccc7c(c6)C(=O)N(*)C7=O)cc5C4=O)cc3)cc2C(C)(C)C)cc1,3.3551161,3.3644898,3.349641,3.3376918
1798,5.57,4.84,*n1c(=O)c2cc3c(=O)n(CCCN4CCN(CCC*)CC4)c(=O)c3cc2c1=O,4.7719483,4.7614303,4.727592,4.7429
1314,7.6,2.85,*N1C(=O)c2ccc(Oc3ccc4c(c3)C(=O)N(c3ccc(Oc5ccc(Oc6ccc(*)cc6)c6c5C5CCC6C5)cc3)C4=O)cc2C1=O,2.9106858,2.9041128,2.8865924,2.9007425
1471,5.61,2.65,*N1C(=O)c2ccc(C(c3ccc4c(c3)C(=O)N(c3ccc(*)cc3)C4=O)(C(F)(F)F)C(F)(F)F)cc2C1=O,2.6867492,2.696376,2.6998055,2.6991777
148,3,3,*c1ccc(Cc2ccc(N3C(=O)c4ccc(Oc5ccc(C(C)(C)c6ccc(Oc7ccc8c(c7)C(=O)N(*)C8=O)cc6)cc5)cc4C3=O)c(C)c2)cc1C,3.030924,3.0181634,3.0153954,3.0310361
118,8.98,3.18,*c1ccc(Oc2ccc(N3C(=O)c4ccc(C(=O)c5ccc6c(c5)C(=O)N(*)C6=O)cc4C3=O)cc2)cc1,3.25072,3.2582965,3.253773,3.2765958
1968,5.87,2.7,*N1C(=O)c2ccc(Oc3ccc4c(c3)C(=O)N(CCCN3CCN(CCC*)CC3)C4=O)cc2C1=O,2.74802,2.7790246,2.748813,2.7474751
306,10.6,3.25,*N1C(=O)c2ccc(-c3ccc4c(c3)C(=O)N(c3ccc(-c5ccc(*)cc5C(F)(F)F)c(C(F)(F)F)c3)C4=O)cc2C1=O,3.279067,3.2371445,3.2686875,3.2823834
710,6,3.03,*N1C(=O)c2ccc(-c3ccc4c(c3)C(=O)N(c3ccc(C(c5ccc(C(C)(C)C)cc5)c5ccc(*)c(C(C)(C)C)c5)cc3C(C)(C)C)C4=O)cc2C1=O,3.0287697,3.0224133,3.002194,3.0299768
320,10,2.81,*N1C(=O)c2ccc(Oc3ccc4c(c3)C(=O)N(c3ccc(Oc5ccc(C(c6ccc(Oc7ccc(*)cc7)cc6)(C(F)(F)F)C(F)(F)F)cc5)cc3)C4=O)cc2C1=O,2.742721,2.7483394,2.7353032,2.7728539
2268,4.52,3.56,*n1c(=O)c2cc3c(=O)n(-c4ccc(-c5cccc(-c6ccc(*)cc6)c5)cc4)c(=O)c3cc2c1=O,3.588675,3.5521405,3.5557375,3.5954268
215,6,2.65,*N1C(=O)c2ccc(-c3ccc4c(c3)C(=O)N(C3=C=C=C(Oc5ccc(-c6ccc(Oc7ccc(*)cc7C(F)(F)F)c(C(F)(F)F)c6)cc5C(F)(F)F)C(C(F)(F)F)=C3)C4=O)cc2C1=O,2.6057239,2.7425704,2.57829,2.66686
1513,3.44,2.57,*N1C(=O)c2ccc(C(c3ccc4c(c3)C(=O)N(c3cccc(*)c3)C4=O)(C(F)(F)F)C(F)(F)F)cc2C1=O,2.6222513,2.6357138,2.6003692,2.5943046
2175,4.01,5.81,*c1ccc(-c2cc(CS(C)(=O)=O)cc(-c3ccc(-n4c(=O)c5cc6c(=O)n(*)c(=O)c6cc5c4=O)cc3)c2)cc1,5.766376,5.7716174,5.6312222,5.757614
388,4.54,3.44,*n1c(=O)c2cc3c(=O)n(-c4ccc(N(c5ccccc5)c5ccc(-n6c(=O)c7cc8c(=O)n(*)c(=O)c8cc7c6=O)cc5)cc4)c(=O)c3cc2c1=O,3.478075,3.4471884,3.4635804,3.4260035
895,5.28,2.44,*N1C(=O)c2ccc(C(c3ccc4c(c3)C(=O)N(c3ccc(-c5cc(-c6ccc(-c7ccc(-c8ccccc8)cc7)cc6)cc(-c6ccc(*)cc6)n5)cc3)C4=O)(C(F)(F)F)C(F)(F)F)cc2C1=O,2.5154803,2.6076927,2.553339,2.6006193
52,7.75,3.3,*c1ccc(Oc2ccc(N3C(=O)c4ccc(C(=O)c5ccc6c(c5)C(=O)N(*)C6=O)cc4C3=O)cc2)cc1,3.2578366,3.2541757,3.264619,3.2787519
137,3,3.05,*c1ccc(Oc2cc(C(C)(C)C)c(Oc3ccc(N4C(=O)c5ccc(-c6ccc7c(c6)C(=O)N(*)C7=O)cc5C4=O)cc3)cc2C(C)(C)C)cc1,3.0967312,3.0978196,3.1000252,3.1047916
1795,5.52,4.84,*n1c(=O)c2cc3c(=O)n(CCCN4CCN(CCC*)CC4)c(=O)c3cc2c1=O,4.7734795,4.763523,4.72902,4.744942
422,3.6,2.74,*n1c(=O)c2cc3c(=O)n(-c4ccc(N(c5ccc(-c6ccc(-c7ccccc7)cc6)cc5)c5ccc(-n6c(=O)c7cc8c(=O)n(*)c(=O)c8cc7c6=O)cc5)cc4)c(=O)c3cc2c1=O,2.7729144,2.7786837,2.769856,2.7816558
1914,5.94,3.86,*CCCN1CCN(CCCN2C(=O)c3ccc(C(=O)c4ccc5c(c4)C(=O)N(*)C5=O)cc3C2=O)CC1,3.9015765,3.8496153,3.8348475,3.963389
1681,6,2.96,*n1c(=O)c2cc3c(=O)n(-c4ccc(Oc5ccc(Oc6ccc(*)cc6C(F)(F)F)c(C(C)(C)C)c5)c(C(F)(F)F)c4)c(=O)c3cc2c1=O,3.0489335,3.0122676,3.0257318,3.0456626
1292,4,2.68,*N1C(=O)c2ccc(C(CF)(c3ccc4c(c3)C(=O)N(c3ccc(Oc5ccc(Oc6ccc(*)cc6)c6c5C5CCC6C5)cc3)C4=O)C(F)(F)F)cc2C1=O,2.7167213,2.7404861,2.703955,2.7842298
1707,3,3.01,*c1ccc(Oc2ccc(C(=O)c3ccc(N4C(=O)c5ccc(-c6ccc7c(c6)C(=O)N(*)C7=O)cc5C4=O)cc3)cc2C)c(C(F)(F)F)c1,3.0047343,3.0329347,2.9971611,3.0192416
1623,10.06,3.41,*c1cccc(Oc2ccc(-n3c(=O)c4cc5c(=O)n(*)c(=O)c5cc4c3=O)cc2)c1,3.4631555,3.4369729,3.4495695,3.4691136
1124,4.93,2.63,*N1C(=O)c2ccc(-c3ccc4c(c3)C(=O)N(c3ccc(-c5ccc(/C(=C\c6ccccc6)c6ccc(-c7ccc(*)cc7)cc6)cc5)cc3)C4=O)cc2C1=O,2.7228072,2.7449296,2.7195914,2.7377665
316,10,3.16,*N1C(=O)c2ccc(Oc3ccc(C(C)(C)c4ccc(Oc5ccc6c(c5)C(=O)N(c5ccc(Oc7ccc(C(C)(C)c8ccc(Oc9ccc(*)cc9)cc8)cc7)cc5)C6=O)cc4)cc3)cc2C1=O,3.181777,3.195949,3.148449,3.2050982
341,10,3.4,*N1C(=O)c2ccc(S(=O)(=O)c3ccc4c(c3)C(=O)N(c3ccc(Oc5ccc(S(=O)(=O)c6ccc(Oc7ccc(*)cc7)cc6)cc5)cc3)C4=O)cc2C1=O,3.4264085,3.4578745,3.4121556,3.4511375
311,10,3.45,*c1ccc(Oc2ccc(-n3c(=O)c4cc5c(=O)n(*)c(=O)c5cc4c3=O)cc2)cc1,3.3955712,3.3821218,3.3781471,3.4081063
1634,9.94,2.96,*N1C(=O)C2CC3C(=O)N(c4ccc(Oc5ccc(*)cc5)cc4)C(=O)C3CC2C1=O,2.9854813,2.975216,2.997142,3.009606
1657,3,3.5,*N1C(=O)c2ccc(-c3ccc4c(c3)C(=O)N(c3ccc(Oc5ccc(Oc6ccc(*)cc6C(F)(F)F)c(C(C)(C)C)c5)c(C(F)(F)F)c3)C4=O)cc2C1=O,3.5202088,3.519156,3.5021825,3.5454435
2173,3.09,5.91,*c1ccc(-c2cc(CS(C)(=O)=O)cc(-c3ccc(-n4c(=O)c5cc6c(=O)n(*)c(=O)c6cc5c4=O)cc3)c2)cc1,5.865795,5.8770533,5.7587824,5.8580847
1756,6,3.09,*N1C(=O)c2ccc(-c3ccc4c(c3)C(=O)N(c3ccc(Oc5ccc(C6(c7ccc(Oc8ccc(*)cc8)cc7)c7ccccc7-c7ccccc76)cc5)cc3)C4=O)cc2C1=O,3.1065202,3.1057296,3.105739,3.114732
2327,4,4.6,*c1ccc(C2(C)CC(C)(C)c3ccc(N4C(=O)c5ccc6c7c(ccc(c57)C4=O)C(=O)N(*)C6=O)cc32)cc1,4.627403,4.562009,4.5512457,4.591908
537,3.35,3.43,*c1ccc(Oc2ccc(-n3c(=O)c4cc5c(=O)n(*)c(=O)c5cc4c3=O)cc2)cc1,3.4537203,3.4287577,3.4356847,3.4787521
334,10,3.42,*c1ccc(Oc2ccc(N3C(=O)c4ccc(C(=O)c5ccc6c(c5)C(=O)N(*)C6=O)cc4C3=O)cc2)cc1,3.2470934,3.2633414,3.2532098,3.2773895
2326,3,4.03,*c1ccc(C2(C)CC(C)(C)c3ccc(-n4c(=O)c5cc6c(=O)n(*)c(=O)c6cc5c4=O)cc32)cc1,4.116979,3.8048453,4.081416,3.9792202
2054,6,2.54,*N1C(=O)c2ccc(-c3ccc4c(c3)C(=O)N(CCCN3CCN(CCC*)CC3)C4=O)cc2C1=O,2.6312852,2.6493711,2.6422954,2.655455
1299,6,3.24,*c1ccc(Oc2ccc(Oc3ccc(N4C(=O)c5ccc(C(=O)c6ccc7c(c6)C(=O)N(*)C7=O)cc5C4=O)cc3)c3c2C2CCC3C2)cc1,3.2510946,3.2362173,3.258252,3.248012
810,3.95,2.61,*N1C(=O)c2ccc(C(c3ccc4c(c3)C(=O)N(c3ccc(-c5cc(-c6ccc(-c7ccccc7)cc6)cc(-c6ccc(*)cc6)n5)cc3)C4=O)(C(F)(F)F)C(F)(F)F)cc2C1=O,2.6427507,2.6997814,2.6595225,2.7277563
499,6,2.96,*N1C(=O)c2ccc(C(c3ccc4c(c3)C(=O)N(c3ccc(Oc5cc(-c6ccccc6)c(Oc6ccc(*)cc6)cc5-c5ccccc5)cc3)C4=O)(C(F)(F)F)C(F)(F)F)cc2C1=O,2.9501436,2.9447086,2.9322844,2.9922361
1245,4.64,2.68,*n1c(=O)c2cc3c(=O)n(-c4ccc(-c5ccc(/C(=C\c6ccccc6)c6ccc(-c7ccc(*)cc7)cc6)cc5)cc4)c(=O)c3cc2c1=O,2.7183714,2.7403188,2.732495,2.7431474
1688,6,3.28,*c1ccc(Oc2ccc(Oc3ccc(N4C(=O)c5ccc(C(=O)c6ccc7c(c6)C(=O)N(*)C7=O)cc5C4=O)cc3)cc2C(C)(C)C)cc1,3.3191984,3.3401306,3.311672,3.3246636
489,4,3.16,*c1ccc(Oc2cc(-c3ccccc3)c(Oc3ccc(N4C(=O)c5ccc(C(=O)c6ccc7c(c6)C(=O)N(*)C7=O)cc5C4=O)cc3C(F)(F)F)cc2-c2ccccc2)c(C(F)(F)F)c1,3.2076771,3.211052,3.1646957,3.1985908
301,10,2.68,*N1C(=O)c2ccc(C(c3ccc4c(c3)C(=O)N(c3ccc(-c5ccc(*)cc5C(F)(F)F)c(C(F)(F)F)c3)C4=O)(C(F)(F)F)C(F)(F)F)cc2C1=O,2.757144,2.7555277,2.7371252,2.7618837
373,3.42,3.48,*n1c(=O)c2cc3c(=O)n(-c4ccc(N(c5ccccc5)c5ccc(-n6c(=O)c7cc8c(=O)n(*)c(=O)c8cc7c6=O)cc5)cc4)c(=O)c3cc2c1=O,3.4939687,3.4732504,3.4784274,3.4366913
1775,3,3.15,*c1ccc(Oc2c(C)cc(Cc3cc(C)c(Oc4ccc(N5C(=O)c6ccc(-c7ccc8c(c7)C(=O)N(*)C8=O)cc6C5=O)cc4)c(C)c3)cc2C)cc1,3.158081,3.1908467,3.1668372,3.1756923
2015,5.71,2.58,*N1C(=O)c2ccc(-c3ccc4c(c3)C(=O)N(CCCN3CCN(CCC*)CC3)C4=O)cc2C1=O,2.6344435,2.6538587,2.6443913,2.6567373
2000,5.52,2.59,*N1C(=O)c2ccc(-c3ccc4c(c3)C(=O)N(CCCN3CCN(CCC*)CC3)C4=O)cc2C1=O,2.6365132,2.6574488,2.6457646,2.6575775
686,4.01,2.33,*N1C(=O)c2ccc(C(c3ccc4c(c3)C(=O)N(c3cccc(-c5cc(-c6ccc(*)cc6)cc(C(c6ccccc6)(c6ccccc6)c6ccccc6)c5)c3)C4=O)(C(F)(F)F)C(F)(F)F)cc2C1=O,2.460473,2.4695225,2.4746532,2.4456124
1335,3,2.74,*N1C(=O)c2ccc(C(O)c3ccc4c(c3)C(=O)N(c3ccc(Oc5ccc([C@]67C[C@H]8[C@@H]9C[C@@]%10(c%11ccc(Oc%12ccc(*)cc%12)cc%11)C[C@H]8[C@H](C6)[C@@H](C%10)[C@@H]9C7)cc5)cc3)C4=O)cc2C1=O,2.8191824,2.793261,2.7970748,2.8551166
604,3.08,3.03,*N1C(=O)c2ccc(C(c3ccc4c(c3)C(=O)N(c3ccc(-c5ccc(-c6ccc(*)cc6)cc5)cc3)C4=O)(C(F)(F)F)C(F)(F)F)cc2C1=O,3.0618215,3.0604744,3.0964036,3.0835404
865,3.38,2.44,*N1C(=O)c2ccc(C(c3ccc4c(c3)C(=O)N(c3ccc(-c5cc(-c6ccc(-c7ccc(-c8ccccc8)cc7)cc6)cc(-c6ccc(*)cc6)n5)cc3)C4=O)(C(F)(F)F)C(F)(F)F)cc2C1=O,2.5290303,2.6053586,2.5538988,2.606872
1241,4.43,2.69,*n1c(=O)c2cc3c(=O)n(-c4ccc(-c5ccc(/C(=C\c6ccccc6)c6ccc(-c7ccc(*)cc7)cc6)cc5)cc4)c(=O)c3cc2c1=O,2.7218366,2.7437012,2.735902,2.7450123
1577,3.15,2.27,*N1C(=O)c2ccc(C(c3ccc4c(c3)C(=O)N(c3cc(*)cc(C(F)(F)F)c3)C4=O)(C(F)(F)F)C(F)(F)F)cc2C1=O,2.3705256,2.351296,2.3620348,2.3405733
1607,5.84,2.25,*N1C(=O)c2ccc(C(c3ccc4c(c3)C(=O)N(c3cc(*)cc(C(F)(F)F)c3)C4=O)(C(F)(F)F)C(F)(F)F)cc2C1=O,2.3303764,2.3290153,2.3396766,2.311505
1262,6,3.34,*c1ccc(Oc2ccc(Oc3ccc(N4C(=O)c5ccc(C(=O)OCC6(C)CCC(CCOC(=O)c7ccc8c(c7)C(=O)N(*)C8=O)C6(C)C)cc5C4=O)cc3)cc2)cc1,3.3478966,3.3543441,3.3340256,3.3761258
563,4.8,3.33,*c1ccc(Oc2ccc(-n3c(=O)c4cc5c(=O)n(*)c(=O)c5cc4c3=O)cc2)cc1,3.4245489,3.4016464,3.4132204,3.4439454
1321,3,2.91,*N1C(=O)c2ccc(Cc3ccc4c(c3)C(=O)N(c3ccc(Oc5ccc([C@]67C[C@@H]8C[C@@H](C[C@@](c9ccc(Oc%10ccc(*)cc%10)cc9)(C8)C6)C7)cc5)cc3)C4=O)cc2C1=O,2.9271824,2.9751198,2.9284754,2.9557285
1060,3.06,2.65,*N1C(=O)c2ccc(C(c3ccc4c(c3)C(=O)N(c3ccc(-c5ccc(/C(=C\c6ccccc6)c6ccc(-c7ccc(*)cc7)cc6)cc5)cc3)C4=O)(C(F)(F)F)C(F)(F)F)cc2C1=O,2.7154977,2.7465975,2.6905274,2.7157714
1757,6,3.12,*N1C(=O)c2ccc(S(=O)(=O)c3ccc4c(c3)C(=O)N(c3ccc(Oc5ccc(C6(c7ccc(Oc8ccc(*)cc8C(F)(F)F)cc7)c7ccccc7-c7ccccc76)cc5)c(C(F)(F)F)c3)C4=O)cc2C1=O,3.0153842,3.0164,2.994606,3.0354424
1923,6,3.85,*CCCN1CCN(CCCN2C(=O)c3ccc(C(=O)c4ccc5c(c4)C(=O)N(*)C5=O)cc3C2=O)CC1,3.9009137,3.846953,3.8337672,3.9628277
144,6,3.11,*c1ccc(Cc2ccc(N3C(=O)c4ccc(Oc5ccc(C(C)(C)c6ccc(Oc7ccc8c(c7)C(=O)N(*)C8=O)cc6)cc5)cc4C3=O)cc2)cc1,3.199231,3.1930404,3.1793678,3.2059996
397,5.21,3.42,*n1c(=O)c2cc3c(=O)n(-c4ccc(N(c5ccccc5)c5ccc(-n6c(=O)c7cc8c(=O)n(*)c(=O)c8cc7c6=O)cc5)cc4)c(=O)c3cc2c1=O,3.46644,3.4316304,3.4542067,3.4206052
2244,3.13,3.6,*n1c(=O)c2cc3c(=O)n(-c4ccc(-c5cccc(-c6ccc(*)cc6)c5)cc4)c(=O)c3cc2c1=O,3.6223598,3.5989382,3.6015377,3.6465116
2018,5.74,2.57,*N1C(=O)c2ccc(-c3ccc4c(c3)C(=O)N(CCCN3CCN(CCC*)CC3)C4=O)cc2C1=O,2.6341166,2.6532688,2.6441746,2.6566048
430,4.96,2.73,*n1c(=O)c2cc3c(=O)n(-c4ccc(N(c5ccc(-c6ccc(-c7ccccc7)cc6)cc5)c5ccc(-n6c(=O)c7cc8c(=O)n(*)c(=O)c8cc7c6=O)cc5)cc4)c(=O)c3cc2c1=O,2.7525725,2.7672172,2.7635655,2.7757215
2217,6,2.32,*c1ccc(Oc2ccc(C(C)(C)c3ccc(OC4C=CC(N5C(=O)c6ccc(Oc7ccc(C(C)(C)c8ccc(Oc9ccc%10c(c9)C(=O)N(*)C%10=O)cc8)cc7)cc6C5=O)=CC4)cc3)cc2)cc1,2.425562,2.4594376,2.4500709,2.4583993
1704,7.6,3.35,*c1ccc(Oc2ccc(Oc3ccc(N4C(=O)c5ccc(Oc6ccc7c(c6)C(=O)N(*)C7=O)cc5C4=O)cc3)cc2C(C)(C)C)cc1,3.384326,3.3704505,3.3614967,3.3802276
242,3,2.87,*N1C(=O)c2ccc(Oc3ccc4c(c3)C(=O)N(c3c(F)c(*)c(C(F)(F)F)c(F)c3F)C4=O)cc2C1=O,2.9132814,2.9256568,2.8822064,2.904851
1474,5.87,2.64,*N1C(=O)c2ccc(C(c3ccc4c(c3)C(=O)N(c3ccc(*)cc3)C4=O)(C(F)(F)F)C(F)(F)F)cc2C1=O,2.6851478,2.6988893,2.702943,2.6994858
310,10,3.17,*N1C(=O)c2ccc(-c3ccc4c(c3)C(=O)N(c3ccc(Oc5ccc(C(C)(C)c6ccc(Oc7ccc(*)cc7)cc6)cc5)cc3)C4=O)cc2C1=O,3.2176208,3.2140534,3.1980417,3.2193758
1269,3,3.22,*n1c(=O)c2cc3c(=O)n(-c4ccc(Oc5ccc(Oc6ccc(*)cc6)c6c5C5CCC6C5)cc4)c(=O)c3cc2c1=O,3.2167668,3.177201,3.1895483,3.2189467
429,4.79,2.72,*n1c(=O)c2cc3c(=O)n(-c4ccc(N(c5ccc(-c6ccc(-c7ccccc7)cc6)cc5)c5ccc(-n6c(=O)c7cc8c(=O)n(*)c(=O)c8cc7c6=O)cc5)cc4)c(=O)c3cc2c1=O,2.7552688,2.7666118,2.7635424,2.7767081
2201,7,2.86,*N1C(=O)c2ccc(-c3ccc4c(c3)C(=O)N(c3c(C)cc(C(c5ccc(C(C)C)cc5)c5cc(C)c(*)c(C)c5)cc3C)C4=O)cc2C1=O,2.8627558,2.8754249,2.8392572,2.8456817
1789,5.41,4.85,*n1c(=O)c2cc3c(=O)n(CCCN4CCN(CCC*)CC4)c(=O)c3cc2c1=O,4.776847,4.768128,4.7321634,4.7494364
1086,4.46,2.61,*N1C(=O)c2ccc(C(c3ccc4c(c3)C(=O)N(c3ccc(-c5ccc(/C(=C\c6ccccc6)c6ccc(-c7ccc(*)cc7)cc6)cc5)cc3)C4=O)(C(F)(F)F)C(F)(F)F)cc2C1=O,2.689399,2.7124815,2.6774755,2.687627
862,3.19,2.43,*N1C(=O)c2ccc(C(c3ccc4c(c3)C(=O)N(c3ccc(-c5cc(-c6ccc(-c7ccc(-c8ccccc8)cc7)cc6)cc(-c6ccc(*)cc6)n5)cc3)C4=O)(C(F)(F)F)C(F)(F)F)cc2C1=O,2.5317485,2.6078687,2.558033,2.608742
143,5.03,3.18,*c1ccc(Cc2ccc(N3C(=O)c4ccc(Oc5ccc(C(C)(C)c6ccc(Oc7ccc8c(c7)C(=O)N(*)C8=O)cc6)cc5)cc4C3=O)cc2)cc1,3.2246344,3.2129347,3.2106967,3.2276268
1612,3,2.74,*N1C(=O)c2ccc(Oc3ccc(C45CC6C7CC8(c9ccc(Oc%10ccc%11c(c%10)C(=O)N(c%10ccc(Oc%12ccc(C%13%14CC%15C%16CC%17(c%18ccc(Oc%19cccc(*)c%19)cc%18)CC%15C(C%13)C(C%17)C%16C%14)cc%12)cc%10)C%11=O)cc9)CC6C(C4)C(C8)C7C5)cc3)cc2C1=O,2.725281,2.782902,2.7308822,2.756279
241,3,2.68,*N1C(=O)c2ccc(C(c3ccc4c(c3)C(=O)N(c3c(F)c(*)c(C(F)(F)F)c(F)c3F)C4=O)(C(F)(F)F)C(F)(F)F)cc2C1=O,2.7208264,2.730175,2.7636032,2.7400625
211,3,2.39,*N1C(=O)c2ccc(C(c3ccc4c(c3)C(=O)N(c3ccc(C(c5ccc(*)cc5)(C(F)(F)F)C(F)(F)F)cc3)C4=O)(C(F)(F)F)C(F)(F)F)cc2C1=O,2.4390438,2.4615505,2.4453182,2.503418
1683,6,3.35,*N1C(=O)c2ccc(-c3ccc4c(c3)C(=O)N(c3ccc(Oc5ccc(Oc6ccc(*)cc6C(F)(F)F)c(C(C)(C)C)c5)c(C(F)(F)F)c3)C4=O)cc2C1=O,3.4293737,3.4187455,3.4075744,3.4438846
171,5.03,2.81,*N1C(=O)c2ccc(C(c3ccc4c(c3)C(=O)N(c3ccc(Cc5ccc(*)cc5)cc3)C4=O)(C(F)(F)F)C(F)(F)F)cc2C1=O,2.8998537,2.8961518,2.909686,2.918312
2211,8.7,2.37,*N1C(=O)c2ccc(Oc3ccc4c(c3)C(=O)N(c3c(C)cc(C(c5ccc(C(C)C)cc5)c5cc(C)c(*)c(C)c5)cc3C)C4=O)cc2C1=O,2.4944866,2.5238633,2.4681485,2.4793022
1118,3.14,2.72,*N1C(=O)c2ccc(-c3ccc4c(c3)C(=O)N(c3ccc(-c5ccc(/C(=C\c6ccccc6)c6ccc(-c7ccc(*)cc7)cc6)cc5)cc3)C4=O)cc2C1=O,2.76063,2.7710493,2.761714,2.7756567
1784,6,2.89,*N1C(=O)c2ccc(C(c3ccc4c(c3)C(=O)N(c3ccc5c(c3)C3(c6cc(*)ccc6-5)C5CC6CC(C5)CC3C6)C4=O)(C(F)(F)F)C(F)(F)F)cc2C1=O,2.9190438,2.9272604,2.909968,2.9007545
232,6,2.84,*N1C(=O)c2ccc(Oc3ccc4c(c3)C(=O)N(c3ccc(Oc5cc(Oc6ccc(*)cc6C(F)(F)F)cc6ccccc56)c(C(F)(F)F)c3)C4=O)cc2C1=O,2.949326,2.9656594,2.9458885,2.993989
1974,5.91,2.68,*N1C(=O)c2ccc(Oc3ccc4c(c3)C(=O)N(CCCN3CCN(CCC*)CC3)C4=O)cc2C1=O,2.7479079,2.7783203,2.7483964,2.7470684
1840,5.95,4.78,*n1c(=O)c2cc3c(=O)n(CCCN4CCN(CCC*)CC4)c(=O)c3cc2c1=O,4.760314,4.745522,4.716733,4.72739
877,4.14,2.44,*N1C(=O)c2ccc(C(c3ccc4c(c3)C(=O)N(c3ccc(-c5cc(-c6ccc(-c7ccc(-c8ccccc8)cc7)cc6)cc(-c6ccc(*)cc6)n5)cc3)C4=O)(C(F)(F)F)C(F)(F)F)cc2C1=O,2.5178347,2.602257,2.5466413,2.6031032
5,9,2.5,*N1C(=O)c2ccc(C(c3ccc4c(c3)C(=O)N(c3ccc(Oc5ccc(C(c6ccc(Oc7ccc(*)cc7)cc6)(C(F)(F)F)C(F)(F)F)cc5)cc3)C4=O)(C(F)(F)F)C(F)(F)F)cc2C1=O,2.4128447,2.432621,2.3797834,2.4388514
1116,3.03,2.73,*N1C(=O)c2ccc(-c3ccc4c(c3)C(=O)N(c3ccc(-c5ccc(/C(=C\c6ccccc6)c6ccc(-c7ccc(*)cc7)cc6)cc5)cc3)C4=O)cc2C1=O,2.7634685,2.773047,2.7654402,2.7785392
421,3.42,2.74,*n1c(=O)c2cc3c(=O)n(-c4ccc(N(c5ccc(-c6ccc(-c7ccccc7)cc6)cc5)c5ccc(-n6c(=O)c7cc8c(=O)n(*)c(=O)c8cc7c6=O)cc5)cc4)c(=O)c3cc2c1=O,2.7755759,2.7813551,2.7709785,2.7826052
1653,3,3.1,*N1C(=O)c2ccc3c4c(ccc(c24)C1=O)C(=O)N(c1ccc(-c2cc(C(C)(C)C)c(Oc4ccc(*)cc4)c(C(C)(C)C)c2)c(Cl)c1)C3=O,3.078965,3.0822577,3.047358,3.0796833
925,3.1,3.49,*c1ccc(Oc2ccc(-n3c(=O)c4cc5c(=O)n(*)c(=O)c5cc4c3=O)cc2)cc1,3.459461,3.4325166,3.4411664,3.4868445
1659,3,3.49,*N1C(=O)c2ccc(Oc3ccc4c(c3)C(=O)N(c3ccc(Oc5ccc(Oc6ccc(*)cc6C(F)(F)F)c(C(C)(C)C)c5)c(C(F)(F)F)c3)C4=O)cc2C1=O,3.46904,3.4981158,3.4321377,3.4992561
1664,3,3.92,*c1ccc(Oc2ccc(Oc3ccc(N4C(=O)c5ccc(S(=O)(=O)c6ccc7c(c6)C(=O)N(*)C7=O)cc5C4=O)cc3)cc2C(C)(C)C)cc1,3.8581643,3.90357,3.8929322,3.9032989
249,6,2.95,*n1c(=O)c2cc3c(=O)n(-c4ccc(C(c5ccc(*)cc5)(c5cccc(C(F)(F)F)c5)C(F)(F)F)cc4)c(=O)c3cc2c1=O,3.0346491,2.997682,3.0083468,3.0315292
739,3.55,2.8,*N1C(=O)c2ccc(C(c3ccc4c(c3)C(=O)N(c3ccc(-c5cc(-c6ccccc6)cc(-c6ccc(*)cc6)n5)cc3)C4=O)(C(F)(F)F)C(F)(F)F)cc2C1=O,2.7957537,2.799422,2.804263,2.8673592
425,4.1,2.73,*n1c(=O)c2cc3c(=O)n(-c4ccc(N(c5ccc(-c6ccc(-c7ccccc7)cc6)cc5)c5ccc(-n6c(=O)c7cc8c(=O)n(*)c(=O)c8cc7c6=O)cc5)cc4)c(=O)c3cc2c1=O,2.765685,2.7732315,2.7667983,2.7789793
1447,3.46,2.67,*N1C(=O)c2ccc(C(c3ccc4c(c3)C(=O)N(c3ccc(*)cc3)C4=O)(C(F)(F)F)C(F)(F)F)cc2C1=O,2.7163703,2.7184925,2.6998198,2.7156014
1636,9.25,2.95,*N1C(=O)C2CC3C(=O)N(c4ccc(Oc5ccc(C(C)(C)c6ccc(Oc7ccc(*)cc7)cc6)cc5)cc4)C(=O)C3CC2C1=O,2.9767828,2.9875824,2.9884732,2.9977062
1310,7.6,2.96,*N1C(=O)c2ccc(-c3ccc4c(c3)C(=O)N(c3ccc(Oc5ccc(Oc6ccc(*)cc6)c6c5C5CCC6C5)cc3)C4=O)cc2C1=O,2.9640825,2.9832885,2.9533498,2.996655
1459,4.53,2.66,*N1C(=O)c2ccc(C(c3ccc4c(c3)C(=O)N(c3ccc(*)cc3)C4=O)(C(F)(F)F)C(F)(F)F)cc2C1=O,2.695994,2.697615,2.6877384,2.7044208
2318,6,2.72,*N1C(=O)c2ccc(Oc3ccc4c(c3)C(=O)N(c3ccc(C5(c6ccc(*)cc6)c6cc(O[Si](C)(C)C(C)(C)C)ccc6-c6ccc(O[Si](C)(C)C(C)(C)C)cc65)cc3)C4=O)cc2C1=O,2.705986,2.755951,2.6897867,2.7508967
1620,9.82,3.44,*c1cccc(Oc2ccc(-n3c(=O)c4cc5c(=O)n(*)c(=O)c5cc4c3=O)cc2)c1,3.4652774,3.4392028,3.4521167,3.4695787
2220,6,3.24,*c1ccc(-c2ccc(N3C(=O)c4ccc(-c5ccc6c(c5)C(=O)C(c5ccc(-c7ccc(-n8c(=O)c9cc%10c(=O)n(*)c(=O)c%10cc9c8=O)cc7C)c(C)c5)C6=O)cc4C3=O)cc2C)c(C)c1,3.2850404,3.245072,3.2805026,3.3164
391,4.76,3.43,*n1c(=O)c2cc3c(=O)n(-c4ccc(N(c5ccccc5)c5ccc(-n6c(=O)c7cc8c(=O)n(*)c(=O)c8cc7c6=O)cc5)cc4)c(=O)c3cc2c1=O,3.47427,3.442066,3.460664,3.424114
1528,4.79,2.56,*N1C(=O)c2ccc(C(c3ccc4c(c3)C(=O)N(c3cccc(*)c3)C4=O)(C(F)(F)F)C(F)(F)F)cc2C1=O,2.6104748,2.6339936,2.5980365,2.599992
652,5.78,3.02,*N1C(=O)c2ccc(C(c3ccc4c(c3)C(=O)N(c3ccc(-c5ccc(-c6ccc(*)cc6)cc5)cc3)C4=O)(C(F)(F)F)C(F)(F)F)cc2C1=O,3.0465364,3.037038,3.0618608,3.0683994
1642,9.24,2.86,*N1C(=O)C2CC3C(=O)N(c4ccc(Oc5ccc(C(c6ccc(Oc7ccc(*)cc7)cc6)(C(F)(F)F)C(F)(F)F)cc5)cc4)C(=O)C3CC2C1=O,2.880027,2.8745353,2.8723602,2.8986404
1801,5.61,4.83,*n1c(=O)c2cc3c(=O)n(CCCN4CCN(CCC*)CC4)c(=O)c3cc2c1=O,4.770724,4.7597556,4.7264485,4.741266
55,7.99,3.28,*c1ccc(Oc2ccc(N3C(=O)c4ccc(C(=O)c5ccc6c(c5)C(=O)N(*)C6=O)cc4C3=O)cc2)cc1,3.256019,3.2539182,3.2616494,3.2775543
1633,9.84,2.98,*N1C(=O)C2CC3C(=O)N(c4ccc(Oc5ccc(*)cc5)cc4)C(=O)C3CC2C1=O,2.986062,2.9751372,2.997497,3.0100863
1828,5.87,4.79,*n1c(=O)c2cc3c(=O)n(CCCN4CCN(CCC*)CC4)c(=O)c3cc2c1=O,4.7627635,4.7488713,4.719019,4.730644
713,6,2.78,*N1C(=O)c2ccc(C(c3ccc4c(c3)C(=O)N(c3ccc(C(c5ccc(C(C)(C)C)cc5)c5ccc(*)c(C(C)(C)C)c5)cc3C(C)(C)C)C4=O)(C(F)(F)F)C(F)(F)F)cc2C1=O,2.8440683,2.8491313,2.8159065,2.8497524
576,5.52,3.28,*c1ccc(Oc2ccc(-n3c(=O)c4cc5c(=O)n(*)c(=O)c5cc4c3=O)cc2)cc1,3.411357,3.3923287,3.4045887,3.4324448
1186,4.26,2.75,*N1C(=O)c2ccc(C(=O)c3ccc4c(c3)C(=O)N(c3ccc(-c5ccc(/C(=C\c6ccccc6)c6ccc(-c7ccc(*)cc7)cc6)cc5)cc3)C4=O)cc2C1=O,2.8162105,2.832283,2.795616,2.8218179
1712,4,2.96,*c1ccc(Oc2ccc(C(=O)c3ccc(N4C(=O)c5ccc(-c6ccc7c(c6)C(=O)N(*)C7=O)cc5C4=O)cc3)cc2C)c(C(F)(F)F)c1,2.9821296,3.0106754,2.9744267,2.9987326
634,4.77,3.03,*N1C(=O)c2ccc(C(c3ccc4c(c3)C(=O)N(c3ccc(-c5ccc(-c6ccc(*)cc6)cc5)cc3)C4=O)(C(F)(F)F)C(F)(F)F)cc2C1=O,3.054003,3.0496795,3.0798762,3.0741086
1128,4.72,2.65,*N1C(=O)c2ccc(-c3ccc4c(c3)C(=O)N(c3ccc(-c5ccc(/C(=C\c6ccccc6)c6ccc(-c7ccc(*)cc7)cc6)cc5)cc3)C4=O)cc2C1=O,2.7251925,2.7475388,2.7229037,2.7408504
510,6,2.91,*n1c(=O)c2cc3c(=O)n(-c4ccc(Oc5ccc(-c6ccc(-c7ccc(-c8ccc(Oc9ccc(*)cc9)c(C(F)(F)F)c8)cc7)cc6)cc5C(F)(F)F)cc4)c(=O)c3cc2c1=O,2.9753983,2.966499,2.9543579,2.986892
1717,6,2.86,*c1ccc(Oc2ccc(C(=O)c3ccc(N4C(=O)c5ccc(-c6ccc7c(c6)C(=O)N(*)C7=O)cc5C4=O)cc3)cc2C)c(C(F)(F)F)c1,2.933809,2.9696145,2.927097,2.9488766
1012,3.51,3.49,*c1ccc(Oc2ccc(-n3c(=O)c4cc5c(=O)n(*)c(=O)c5cc4c3=O)cc2)cc1,3.4502318,3.4264214,3.4326007,3.474021
1285,4,3.36,*N1C(=O)c2ccc(C(=O)c3ccc4c(c3)C(=O)N(c3ccc(Oc5ccc(Oc6ccc(*)cc6)cc5)cc3)C4=O)cc2C1=O,3.332141,3.3292289,3.3363228,3.357074
199,3,3.08,*N1C(=O)c2ccc(C(C3C=C4C(=O)N(c5cccc(*)c5)C(=O)C4=CC3)(C(F)(F)F)C(F)(F)F)cc2C1=O,3.1402617,3.0847802,3.087465,3.0906653
217,4,3.15,*n1c(=O)c2cc3c(=O)n(-c4ccc(Oc5cc(Oc6ccc(*)cc6C(F)(F)F)cc6ccccc56)c(C(F)(F)F)c4)c(=O)c3cc2c1=O,3.2014747,3.1673806,3.1717455,3.205455
283,3,3.05,*N1C(=O)c2ccc(-c3ccc4c(c3)C(=O)N(c3ccc(-c5cc(C(F)(F)F)cc(C(F)(F)F)c5)c(*)c3)C4=O)cc2C1=O,3.060671,3.0698042,3.0748727,3.0474982
671,5.13,2.41,*N1C(=O)c2ccc(C(c3ccc4c(c3)C(=O)N(c3ccc(-c5cc(-c6ccc(*)cc6)cc(C(c6ccccc6)(c6ccccc6)c6ccccc6)c5)cc3)C4=O)(C(F)(F)F)C(F)(F)F)cc2C1=O,2.5685806,2.592401,2.5871387,2.5713396
938,3.88,3.49,*c1ccc(Oc2ccc(-n3c(=O)c4cc5c(=O)n(*)c(=O)c5cc4c3=O)cc2)cc1,3.442289,3.419789,3.4267457,3.4638205
649,5.62,3.02,*N1C(=O)c2ccc(C(c3ccc4c(c3)C(=O)N(c3ccc(-c5ccc(-c6ccc(*)cc6)cc5)cc3)C4=O)(C(F)(F)F)C(F)(F)F)cc2C1=O,3.0488317,3.0390875,3.0660164,3.0698094
269,3.01,2.09,*N1C(=O)c2ccc(C(c3ccc4c(c3)C(=O)N(c3ccc(Oc5ccc(C(c6ccc(Oc7ccc(*)cc7)cc6)(C(F)(F)F)C(F)(F)F)cc5)cc3)C4=O)(C(F)(F)F)C(F)(F)F)cc2C1=O,2.1533473,2.212896,2.1596327,2.2006125
1768,7.6,3.15,*c1ccc(Oc2ccc(C3(c4ccc(Oc5ccc(N6C(=O)c7ccc(C(=O)c8ccc9c(c8)C(=O)N(*)C9=O)cc7C6=O)cc5)cc4)c4ccccc4-c4ccccc43)cc2)cc1,3.1804593,3.1473618,3.1715057,3.202056
1673,4,2.91,*N1C(=O)c2ccc(C(c3ccc4c(c3)C(=O)N(c3ccc(Oc5ccc(Oc6ccc(*)cc6C(F)(F)F)c(C(C)(C)C)c5)c(C(F)(F)F)c3)C4=O)(C(F)(F)F)C(F)(F)F)cc2C1=O,2.9850078,3.0081592,2.9832084,2.9909968
330,10,3.44,*c1ccc(OC(=O)c2ccc(N3C(=O)c4ccc(-c5ccc6c(c5)C(=O)N(*)C6=O)cc4C3=O)cc2)cc1,3.4204102,3.4008172,3.4105992,3.4396238
504,6,3.16,*N1C(=O)c2ccc(S(=O)(=O)c3ccc4c(c3)C(=O)N(c3ccc(Oc5cc(-c6ccccc6)c(Oc6ccc(*)cc6C(F)(F)F)cc5-c5ccccc5)c(C(F)(F)F)c3)C4=O)cc2C1=O,3.2583907,3.2526553,3.2238204,3.2497308
250,6,2.71,*N1C(=O)c2ccc(C(c3ccc4c(c3)C(=O)N(c3ccc(C(c5ccc(*)cc5)(c5cccc(C(F)(F)F)c5)C(F)(F)F)cc3)C4=O)(C(F)(F)F)C(F)(F)F)cc2C1=O,2.7598522,2.7983468,2.7579677,2.7665513
227,4,3.08,*N1C(=O)c2ccc(C(c3ccc4c(c3)C(=O)N(c3ccc(Oc5cc(Oc6ccc(*)cc6)cc6ccccc56)cc3)C4=O)(C(F)(F)F)C(F)(F)F)cc2C1=O,3.1431499,3.1337044,3.1294858,3.137605
277,6,2.83,*N1C(=O)c2ccc(-c3ccc4c(c3)C(=O)N(c3ccc(Oc5ccc(S(=O)(=O)c6ccc(Oc7ccc(*)cc7)c(-c7cc(C(F)(F)F)cc(C(F)(F)F)c7)c6)cc5-c5cc(C(F)(F)F)cc(C(F)(F)F)c5)cc3)C4=O)cc2C1=O,2.8365934,2.8806014,2.840287,2.9013588
2185,3.02,6.44,*c1ccc(-c2cc(CCS(C)(=O)=O)cc(-c3ccc(-n4c(=O)c5cc6c(=O)n(*)c(=O)c6cc5c4=O)cc3)c2)cc1,6.518953,6.505541,6.363238,6.2068834
1977,5.93,2.67,*N1C(=O)c2ccc(Oc3ccc4c(c3)C(=O)N(CCCN3CCN(CCC*)CC3)C4=O)cc2C1=O,2.747852,2.7779684,2.748188,2.7468653
883,4.52,2.44,*N1C(=O)c2ccc(C(c3ccc4c(c3)C(=O)N(c3ccc(-c5cc(-c6ccc(-c7ccc(-c8ccccc8)cc7)cc6)cc(-c6ccc(*)cc6)n5)cc3)C4=O)(C(F)(F)F)C(F)(F)F)cc2C1=O,2.513461,2.603054,2.5468524,2.6018019
2202,7,2.71,*N1C(=O)c2ccc(C(=O)c3ccc4c(c3)C(=O)N(c3c(C)cc(C(c5ccc(C(C)C)cc5)c5cc(C)c(*)c(C)c5)cc3C)C4=O)cc2C1=O,2.6891966,2.7396948,2.6702864,2.7113266
1638,9.73,2.9,*N1C(=O)C2CC3C(=O)N(c4ccc(Oc5ccc(C(C)(C)c6ccc(Oc7ccc(*)cc7)cc6)cc5)cc4)C(=O)C3CC2C1=O,2.973758,2.9870863,2.9856918,2.992491
128,3,2.55,*N1C(=O)c2ccc(Oc3ccc4c(c3)C(=O)N(c3ccc(Oc5ccc(C(c6ccc(Oc7ccc(*)cc7C(F)(F)F)cc6)(c6cc(C(F)(F)F)cc(C(F)(F)F)c6)C(F)(F)F)cc5)c(C(F)(F)F)c3)C4=O)cc2C1=O,2.618858,2.6204464,2.622679,2.635001
2312,5.86,5.25,*c1ccc(-c2cc(CS(C)(=O)=O)cc(-c3ccc(-n4c(=O)c5cc6c(=O)n(*)c(=O)c6cc5c4=O)cc3)c2)cc1,5.535877,5.5278463,5.3677664,5.538845
1619,9.68,3.52,*c1cccc(Oc2ccc(-n3c(=O)c4cc5c(=O)n(*)c(=O)c5cc4c3=O)cc2)c1,3.46603,3.440729,3.4533312,3.4699168
1752,6,2.72,*N1C(=O)c2ccc(Oc3ccc4c(c3)C(=O)N(c3ccc(Oc5ccc(C6(c7ccc(Oc8ccc(*)cc8C(F)(F)F)cc7)c7ccccc7-c7ccccc76)cc5)c(C(F)(F)F)c3)C4=O)cc2C1=O,2.7919183,2.8202922,2.8073027,2.853219
1682,6,3.14,*N1C(=O)c2ccc(C(=O)c3ccc4c(c3)C(=O)N(c3ccc(Oc5ccc(Oc6ccc(*)cc6C(F)(F)F)c(C(C)(C)C)c5)c(C(F)(F)F)c3)C4=O)cc2C1=O,3.215297,3.2094018,3.1905532,3.216795
1168,3.3,2.79,*N1C(=O)c2ccc(C(=O)c3ccc4c(c3)C(=O)N(c3ccc(-c5ccc(/C(=C\c6ccccc6)c6ccc(-c7ccc(*)cc7)cc6)cc5)cc3)C4=O)cc2C1=O,2.831477,2.844386,2.8163338,2.837758
1336,3,2.69,*N1C(=O)c2ccc(Oc3ccc4c(c3)C(=O)N(c3ccc(Oc5ccc([C@]67C[C@H]8[C@@H]9C[C@@]%10(c%11ccc(Oc%12ccc(*)cc%12)cc%11)C[C@H]8[C@H](C6)[C@@H](C%10)[C@@H]9C7)cc5)cc3)C4=O)cc2C1=O,2.678872,2.7040796,2.6445603,2.7107098
433,5.48,2.72,*n1c(=O)c2cc3c(=O)n(-c4ccc(N(c5ccc(-c6ccc(-c7ccccc7)cc6)cc5)c5ccc(-n6c(=O)c7cc8c(=O)n(*)c(=O)c8cc7c6=O)cc5)cc4)c(=O)c3cc2c1=O,2.7452593,2.7696967,2.763823,2.7730768
631,4.6,3.03,*N1C(=O)c2ccc(C(c3ccc4c(c3)C(=O)N(c3ccc(-c5ccc(-c6ccc(*)cc6)cc5)cc3)C4=O)(C(F)(F)F)C(F)(F)F)cc2C1=O,3.054765,3.0510721,3.0822558,3.0747693
1618,9.51,3.44,*c1cccc(Oc2ccc(-n3c(=O)c4cc5c(=O)n(*)c(=O)c5cc4c3=O)cc2)c1,3.466549,3.4425817,3.4554212,3.4701402
2271,4.7,3.56,*n1c(=O)c2cc3c(=O)n(-c4ccc(-c5cccc(-c6ccc(*)cc6)c5)cc4)c(=O)c3cc2c1=O,3.585986,3.5461736,3.550014,3.5890784
382,4.09,3.46,*n1c(=O)c2cc3c(=O)n(-c4ccc(N(c5ccccc5)c5ccc(-n6c(=O)c7cc8c(=O)n(*)c(=O)c8cc7c6=O)cc5)cc4)c(=O)c3cc2c1=O,3.4853907,3.4576662,3.4695458,3.4301598
1677,4,3.88,*c1ccc(Oc2ccc(Oc3ccc(N4C(=O)c5ccc(S(=O)(=O)c6ccc7c(c6)C(=O)N(*)C7=O)cc5C4=O)cc3)cc2C(C)(C)C)cc1,3.841918,3.8848977,3.881806,3.8683171
127,3,2.61,*N1C(=O)c2ccc(C(=O)c3ccc4c(c3)C(=O)N(c3ccc(Oc5ccc(C(c6ccc(Oc7ccc(*)cc7C(F)(F)F)cc6)(c6cc(C(F)(F)F)cc(C(F)(F)F)c6)C(F)(F)F)cc5)c(C(F)(F)F)c3)C4=O)cc2C1=O,2.6181464,2.6321278,2.6242847,2.6522696
35,10,2.73,*N1C(=O)c2ccc(C(c3ccc4c(c3)C(=O)N(c3cccc(Oc5cccc(*)c5)c3)C4=O)(C(F)(F)F)C(F)(F)F)cc2C1=O,2.7393417,2.7351263,2.7249055,2.7408369
214,6,2.68,*c1ccc(Oc2ccc(-c3ccc(OC4=C=C=C(n5c(=O)c6cc7c(=O)n(*)c(=O)c7cc6c5=O)C=C4C(F)(F)F)c(C(F)(F)F)c3)cc2C(F)(F)F)c(C(F)(F)F)c1,2.6295466,2.73591,2.6142304,2.7149224
2332,6,2.63,*c1ccc(C2(C)CC(C)(C)c3ccc(N4C(=O)c5ccc(C(c6ccc7c(c6)C(=O)N(*)C7=O)(C(F)(F)F)C(F)(F)F)cc5C4=O)cc32)cc1,2.7336686,2.714396,2.7628386,2.7482076
1259,3,3.41,*c1ccc(Oc2ccc(Oc3ccc(N4C(=O)c5ccc(C(=O)OCC6(C)CCC(CCOC(=O)c7ccc8c(c7)C(=O)N(*)C8=O)C6(C)C)cc5C4=O)cc3)cc2)cc1,3.4009209,3.4037414,3.3672175,3.4120004
251,6,2.91,*c1ccc(C(c2ccc(N3C(=O)c4ccc(C(=O)c5ccc6c(c5)C(=O)N(*)C6=O)cc4C3=O)cc2)(c2cccc(C(F)(F)F)c2)C(F)(F)F)cc1,2.9452157,2.9710958,2.9363167,2.933554
1388,4.34,3.47,*c1ccc(Oc2ccc(-n3c(=O)c4cc5c(=O)n(*)c(=O)c5cc4c3=O)cc2)cc1,3.4332411,3.4102764,3.4195585,3.4528582
1720,6,2.69,*c1ccc(Oc2ccc(C(=O)c3ccc(N4C(=O)c5ccc(C(c6ccc7c(c6)C(=O)N(*)C7=O)(C(F)(F)F)C(F)(F)F)cc5C4=O)cc3)cc2C)c(C(F)(F)F)c1,2.7967827,2.8180811,2.7775826,2.803611
2177,5,5.62,*c1ccc(-c2cc(CS(C)(=O)=O)cc(-c3ccc(-n4c(=O)c5cc6c(=O)n(*)c(=O)c6cc5c4=O)cc3)c2)cc1,5.6480303,5.6471167,5.490238,5.6406927
512,6,2.74,*N1C(=O)c2ccc(C(c3ccc4c(c3)C(=O)N(c3ccc(Oc5ccc(-c6ccc(-c7ccc(-c8ccc(Oc9ccc(*)cc9)c(C(F)(F)F)c8)cc7)cc6)cc5C(F)(F)F)cc3)C4=O)C(F)(F)F)cc2C1=O,2.7806861,2.8195615,2.7843232,2.815881
1640,9.95,2.91,*N1C(=O)C2CC3C(=O)N(c4ccc(Oc5ccc(C(C)(C)c6ccc(Oc7ccc(*)cc7)cc6)cc5)cc4)C(=O)C3CC2C1=O,2.972296,2.9867752,2.9844093,2.9901009
676,5.99,2.37,*N1C(=O)c2ccc(C(c3ccc4c(c3)C(=O)N(c3ccc(-c5cc(-c6ccc(*)cc6)cc(C(c6ccccc6)(c6ccccc6)c6ccccc6)c5)cc3)C4=O)(C(F)(F)F)C(F)(F)F)cc2C1=O,2.5344677,2.5536005,2.5268419,2.550321
1294,6,3.37,*n1c(=O)c2cc3c(=O)n(-c4ccc(Oc5ccc(Oc6ccc(*)cc6)cc5)cc4)c(=O)c3cc2c1=O,3.3951142,3.3780868,3.3754706,3.4042616
2305,4.28,5.72,*c1ccc(-c2cc(CS(C)(=O)=O)cc(-c3ccc(-n4c(=O)c5cc6c(=O)n(*)c(=O)c6cc5c4=O)cc3)c2)cc1,5.7354994,5.740674,5.5927715,5.72596
1144,3.86,2.69,*N1C(=O)c2ccc(-c3ccc4c(c3)C(=O)N(c3ccc(-c5ccc(/C(=C\c6ccccc6)c6ccc(-c7ccc(*)cc7)cc6)cc5)cc3)C4=O)cc2C1=O,2.7397914,2.759701,2.7384167,2.758114
880,4.33,2.44,*N1C(=O)c2ccc(C(c3ccc4c(c3)C(=O)N(c3ccc(-c5cc(-c6ccc(-c7ccc(-c8ccccc8)cc7)cc6)cc(-c6ccc(*)cc6)n5)cc3)C4=O)(C(F)(F)F)C(F)(F)F)cc2C1=O,2.5153146,2.6023128,2.546349,2.602398
64,8.34,3.23,*c1ccc(Oc2ccc(N3C(=O)c4ccc(C(=O)c5ccc6c(c5)C(=O)N(*)C6=O)cc4C3=O)cc2)cc1,3.2540812,3.255126,3.2577996,3.2760203
186,4,2.82,*N1C(=O)c2ccc(C(c3ccc4c(c3)C(=O)N(c3ccc(-c5ccc(*)cc5C(F)(F)F)c(C(F)(F)F)c3)C4=O)(C(F)(F)F)C(F)(F)F)cc2C1=O,2.8810878,2.8818913,2.8628488,2.8637524
1647,10.02,2.81,*N1C(=O)C2CC3C(=O)N(c4ccc(Oc5ccc(C(c6ccc(Oc7ccc(*)cc7)cc6)(C(F)(F)F)C(F)(F)F)cc5)cc4)C(=O)C3CC2C1=O,2.8755076,2.8718257,2.864958,2.9027066
1738,4,2.86,*N1C(=O)c2ccc(S(=O)(=O)c3ccc4c(c3)C(=O)N(c3ccc(Oc5ccc(C6(c7ccc(Oc8ccc(*)cc8C(F)(F)F)cc7)c7ccccc7-c7ccccc76)cc5)c(C(F)(F)F)c3)C4=O)cc2C1=O,3.0471506,3.0416894,3.0311692,3.0523002
1697,7.6,3.23,*N1C(=O)c2ccc(S(=O)(=O)c3ccc4c(c3)C(=O)N(c3ccc(Oc5ccc(Oc6ccc(*)cc6C(F)(F)F)c(C(C)(C)C)c5)c(C(F)(F)F)c3)C4=O)cc2C1=O,3.276082,3.2654314,3.2553723,3.3082
981,5.03,1.49,*N1C(=O)c2ccc(C(c3ccc4c(c3)C(=O)N(c3ccc(N(c5ccc(*)cc5)c5ccc(-c6ccc(/C=C(\c7ccccc7)c7ccc(-c8ccc(C(F)(F)F)cc8)cc7)cc6)cc5)cc3)C4=O)(C(F)(F)F)C(F)(F)F)cc2C1=O,1.5612717,1.7354122,1.6709163,1.5850793
616,3.76,3.03,*N1C(=O)c2ccc(C(c3ccc4c(c3)C(=O)N(c3ccc(-c5ccc(-c6ccc(*)cc6)cc5)cc3)C4=O)(C(F)(F)F)C(F)(F)F)cc2C1=O,3.0593197,3.0581315,3.0922782,3.0796075
39,10,2.39,*N1C(=O)c2ccc(C(c3ccc4c(c3)C(=O)N(c3cccc(C(c5cccc(*)c5)(C(F)(F)F)C(F)(F)F)c3)C4=O)(C(F)(F)F)C(F)(F)F)cc2C1=O,2.386538,2.4108896,2.3900855,2.386032
131,3,2.92,*N1C(=O)c2ccc(C(=O)c3ccc4c(c3)C(=O)N(Oc3cc(C(C)(C)C)c(Oc5ccc(*)cc5)c(C(C)(C)C)c3)C4=O)cc2C1=O,2.9664278,2.9828281,2.9183304,2.938884
1092,4.78,2.6,*N1C(=O)c2ccc(C(c3ccc4c(c3)C(=O)N(c3ccc(-c5ccc(/C(=C\c6ccccc6)c6ccc(-c7ccc(*)cc7)cc6)cc5)cc3)C4=O)(C(F)(F)F)C(F)(F)F)cc2C1=O,2.6808157,2.7043805,2.6740675,2.6833074
2187,3.1,6.43,*c1ccc(-c2cc(CCS(C)(=O)=O)cc(-c3ccc(-n4c(=O)c5cc6c(=O)n(*)c(=O)c6cc5c4=O)cc3)c2)cc1,6.510286,6.497421,6.3527765,6.197772
1330,3,2.68,*N1C(=O)c2ccc(Oc3ccc4c(c3)C(=O)N(c3ccc([C@]56C[C@H]7[C@@H]8C[C@@]9(c%10ccc(*)cc%10)C[C@H]7[C@H](C5)[C@@H](C9)[C@@H]8C6)cc3)C4=O)cc2C1=O,2.6919315,2.6960564,2.6519973,2.6957703
435,5.8,2.73,*n1c(=O)c2cc3c(=O)n(-c4ccc(N(c5ccc(-c6ccc(-c7ccccc7)cc6)cc5)c5ccc(-n6c(=O)c7cc8c(=O)n(*)c(=O)c8cc7c6=O)cc5)cc4)c(=O)c3cc2c1=O,2.7436385,2.7714057,2.7649174,2.771655
27,10,3.02,*N1C(=O)c2ccc(Oc3ccc(Oc4ccc5c(c4)C(=O)N(c4ccc(Oc6ccc(*)cc6)cc4)C5=O)cc3)cc2C1=O,3.050589,3.0718682,3.0568292,3.0876694
2315,3.41,5.8,*c1ccc(-c2cc(CS(C)(=O)=O)cc(-c3ccc(-n4c(=O)c5cc6c(=O)n(*)c(=O)c6cc5c4=O)cc3)c2)cc1,5.8336577,5.8403807,5.7148438,5.8241396
